"Pakistan","Ahmadpur East","29.15","71.26667","103"
"Pakistan","Arifwala","30.28333","73.06667","148"
"Pakistan","Attock City","33.77222","72.36833","349"
"Pakistan","Badin","24.65","68.83334","4"
"Pakistan","Bahawalnagar","29.98333","73.26667","144"
"Pakistan","Bahawalpur","29.4","71.68333","116"
"Pakistan","Bhakkar","31.63333","71.06667","160"
"Pakistan","Bhalwal","32.26583","72.90083","184"
"Pakistan","Burewala","30.16667","72.65","132"
"Pakistan","Chakwal","32.93333","72.86667","499"
"Pakistan","Chaman","30.91694","66.45972","1336"
"Pakistan","Charsadda","34.14528","71.73139","282"
"Pakistan","Chichawatni","30.53333","72.7","159"
"Pakistan","Chiniot","31.72","72.97889","179"
"Pakistan","Chishtian Mandi","29.8","72.86667","147"
"Pakistan","Chuhar Kana","31.75","73.8","205"
"Pakistan","Dadu","26.73333","67.78333","24"
"Pakistan","Daska","32.33333","74.35","235"
"Pakistan","Dera Ghazi Khan","30.05611","70.63445","121"
"Pakistan","Dera Ismail Khan","31.83278","70.9025","166"
"Pakistan","Dipalpur","30.66667","73.65","169"
"Pakistan","Faisalabad","31.41667","73.08334","175"
"Pakistan","Gojra","31.15","72.68333","165"
"Pakistan","Gujar Khan","33.26667","73.31667","438"
"Pakistan","Gujranwala","32.15","74.18333","223"
"Pakistan","Gujrat","32.56667","74.08334","228"
"Pakistan","Hafizabad","32.06667","73.68333","207"
"Pakistan","Harunabad","29.61333","73.13889","151"
"Pakistan","Hasilpur","29.71222","72.55528","123"
"Pakistan","Haveli","30.45","73.7","165"
"Pakistan","Hyderabad","25.36667","68.36667","13"
"Pakistan","Islamabad","33.61004","73.05908","497"
"Pakistan","Jacobabad","28.28389","68.43611","59"
"Pakistan","Jalalpur","32.63333","74.2","233"
"Pakistan","Jaranwala","31.33333","73.43333","183"
"Pakistan","Jhang Sadr","31.27417","72.31194","158"
"Pakistan","Jhelum","32.93333","73.73333","222"
"Pakistan","Kahror Pakka","29.61667","71.91666","117"
"Pakistan","Kamalia","30.73333","72.65","153"
"Pakistan","Kambar","27.6","68","41"
"Pakistan","Kamoke","31.97444","74.22444","226"
"Pakistan","Kandhkot","28.23333","69.18333","71"
"Pakistan","Karachi","24.86667","67.05","14"
"Pakistan","Kasur","31.11556","74.44666","201"
"Pakistan","Khairpur","27.53333","68.76667","50"
"Pakistan","Khanpur","28.65","70.65","88"
"Pakistan","Kharian","32.81667","73.86667","287"
"Pakistan","Khushab","32.29667","72.3525","174"
"Pakistan","Khuzdar","27.8","66.61667","1211"
"Pakistan","Kohat","33.58694","71.44222","508"
"Pakistan","Kot Addu","30.47","70.96445","134"
"Pakistan","Kot Malik","30.19583","66.9975","1659"
"Pakistan","Kotri","25.36667","68.3","17"
"Pakistan","Lahore","31.54972","74.34361","210"
"Pakistan","Lala Musa","32.7","73.96667","254"
"Pakistan","Larkana","27.55","68.21667","45"
"Pakistan","Leiah","30.96667","70.93333","141"
"Pakistan","Lodhran","29.53333","71.63333","111"
"Pakistan","Mailsi","29.80028","72.17583","123"
"Pakistan","Mandi Bahauddin","32.58333","73.5","223"
"Pakistan","Mansehra","34.33333","73.2","1067"
"Pakistan","Mardan","34.19833","72.04583","285"
"Pakistan","Mian Channun","30.45","72.36667","148"
"Pakistan","Mianwali","32.58333","71.55","212"
"Pakistan","Mingaora","34.77611","72.36111","921"
"Pakistan","Mirpur Khas","25.53333","69","14"
"Pakistan","Moro","26.66667","68","34"
"Pakistan","Multan","30.19556","71.47528","125"
"Pakistan","Muridke","31.8025","74.26167","211"
"Pakistan","Muzaffargarh","30.06667","71.2","114"
"Pakistan","Narowal","32.1","74.88333","229"
"Pakistan","Nawabshah","26.25","68.41666","20"
"Pakistan","Nowshera Cantonment","33.99667","72.01305","294"
"Pakistan","Okara","30.80806","73.44583","174"
"Pakistan","Pakpattan","30.35","73.4","155"
"Pakistan","Pano Aqil","27.85","69.11667","61"
"Pakistan","Pattoki","31.01667","73.85","191"
"Pakistan","Peshawar","34.00778","71.57333","315"
"Pakistan","Quetta","30.18722","67.0125","1671"
"Pakistan","Rawalpindi","33.6","73.06667","484"
"Pakistan","Sadiqabad","28.3","70.13333","76"
"Pakistan","Sahiwal","30.66667","73.1","172"
"Pakistan","Sargodha","32.08361","72.67111","193"
"Pakistan","Shabqadar","34.21528","71.55528","312"
"Pakistan","Shahdadkot","27.85","67.9","48"
"Pakistan","Shahdadpur","25.93333","68.61667","16"
"Pakistan","Shekhupura","31.71306","73.97833","214"
"Pakistan","Shikarpur","27.95","68.63333","63"
"Pakistan","Shorko","31.91028","70.87778","170"
"Pakistan","Shujaabad","29.88333","71.3","107"
"Pakistan","Sialkot","32.5","74.51667","256"
"Pakistan","Sukkur","27.7","68.86667","79"
"Pakistan","Swabi","34.12","72.47222","321"
"Pakistan","Tando Adam","25.76667","68.66666","23"
"Pakistan","Tando Allahyar","25.46667","68.71667","17"
"Pakistan","Tando Muhammad Khan","25.13333","68.53333","12"
"Pakistan","Toba Tek Singh","30.96667","72.48333","155"
"Pakistan","Turbat","26.00278","63.05056","142"
"Pakistan","Vihari","30.03333","72.35","136"
"Pakistan","Wazirabad","32.45","74.11667","222"
"Palau","Airai","7.3575","134.5578","-9999"
"Palau","Imeong","7.5275","134.5256","20"
"Palau","Kloulklubed","7.039444","134.2525","1"
"Palau","Melekeok","7.493333","134.6342","1"
"Palau","Meyungs","7.351944","134.4544","1"
"Palau","Ngaramasch","6.901389","134.1294","1"
"Palau","Ngermechau","7.551389","134.6331","11"
"Palau","Ngetkib","7.361944","134.5122","-9999"
"Palau","Oikull","7.365556","134.5836","1"
"Palau","Ollei","7.717222","134.6122","1"
"Palau","Ulimang","7.621667","134.6389","1"
"Palestine","`Akko","32.92361","35.07278","-9999"
"Palestine","Abu Ghaush","31.8","35.1","721"
"Palestine","Al Quds (Jerusalem)","31.76667","35.23333","669"
"Palestine","Ashdod","31.81667","34.65","4"
"Palestine","Ashqelon","31.66667","34.58333","26"
"Palestine","Azor","32.01917","34.81055","22"
"Palestine","Bat Yam","32.02306","34.75028","52"
"Palestine","Beersheba","31.23333","34.78333","259"
"Palestine","Beit Jann","32.96528","35.37944","935"
"Palestine","Beit Lahia, Gaza Strip","31.546","34.495",""
"Palestine","Bene `Ayish","31.78333","34.75","74"
"Palestine","Bene Beraq","32.09028","34.83972","24"
"Palestine","Bet Dagan","32.00139","34.83028","35"
"Palestine","Bet Shemesh","31.75","35","219"
"Palestine","Bir el Maksur","32.75","35.23333","135"
"Palestine","Dabburiya","32.69583","35.37222","235"
"Palestine","Daliyat el Karmil","32.69361","35.04083","331"
"Palestine","Deir el balah, Gaza Strip","31.418","34.35",""
"Palestine","Deir Hanna","32.8625","35.36666","287"
"Palestine","Dimona","31.06667","35.03333","535"
"Palestine","El Fureidis","32.6","34.95","143"
"Palestine","Elat","29.56111","34.95167","72"
"Palestine","Elyakhin","32.4","34.91667","21"
"Palestine","Er Reina","32.72361","35.3125","312"
"Palestine","Esh Sheikh Dannun","32.99","35.145","71"
"Palestine","Et Taiyiba","32.26472","35.00806","93"
"Palestine","Et Tira","32.23278","34.95028","89"
"Palestine","Even Yehuda","32.26667","34.88334","69"
"Palestine","Fassuta","33.04972","35.30889","654"
"Palestine","Gan Yavne","31.78333","34.71667","55"
"Palestine","Ganne Tiqwa","32.06028","34.87472","90"
"Palestine","Gaza, Gaza Strip","31.502","34.467",""
"Palestine","Gedera","31.81667","34.76667","67"
"Palestine","Giv`atayim","32.06972","34.81167","73"
"Palestine","Hadera","32.43528","34.9175","55"
"Palestine","Haifa","32.81556","34.98917","290"
"Palestine","Hebron (Al Khalil), West Bank","31.529","35.094",""
"Palestine","Herzliyya","32.16583","34.83667","66"
"Palestine","Hod HaSharon","32.15083","34.88833","60"
"Palestine","Holon","32.01139","34.77222","23"
"Palestine","Hurfeish","33.015","35.34945","605"
"Palestine","Iksal","32.67861","35.32222","150"
"Palestine","Jabalia, Gaza Strip","31.527","34.483",""
"Palestine","Jaljulya","32.15583","34.95278","38"
"Palestine","Jish","33.02472","35.44444","803"
"Palestine","Judeida","32.92556","35.155","95"
"Palestine","Kabul","32.86667","35.21305","48"
"Palestine","Kafr Kama","32.71667","35.44167","243"
"Palestine","Kafr Kanna","32.75","35.34167","343"
"Palestine","Kafr Manda","32.80722","35.26028","152"
"Palestine","Kafr Qasim","32.11417","34.97389","79"
"Palestine","Kafr Yasif","32.95361","35.16528","25"
"Palestine","Kefar Habad","31.98667","34.85111","57"
"Palestine","Kefar Sava","32.175","34.90694","73"
"Palestine","Kefar Tavor","32.68889","35.42083","138"
"Palestine","Kefar Weradim","32.99306","35.275","642"
"Palestine","Kefar Yona","32.31667","34.93333","84"
"Palestine","Khan Yunis, Gaza Strip","31.34","34.306",""
"Palestine","Lehavim","31.37284","34.81619","283"
"Palestine","Lod","31.95139","34.89528","63"
"Palestine","Maghar","32.88694","35.40694","346"
"Palestine","Mazkeret Batya","31.85389","34.83861","61"
"Palestine","Mevo Betar","31.71667","35.1","775"
"Palestine","Mizpe Ramon","30.60944","34.80111","811"
"Palestine","Nablus, West Bank","32.221","35.254",""
"Palestine","Nahariyya","33.00583","35.09472","-9999"
"Palestine","Nahf","32.93333","35.31667","278"
"Palestine","Nazareth","32.70361","35.29556","504"
"Palestine","Nehalim","32.06194","34.91389","58"
"Palestine","Nesher","32.765","35.05","36"
"Palestine","Netanya","32.33361","34.85778","60"
"Palestine","Netivot","31.41667","34.58333","145"
"Palestine","Nordiyya","32.31667","34.9","61"
"Palestine","Ofaqim","31.28333","34.61666","176"
"Palestine","Or Yehuda","32.03111","34.84583","25"
"Palestine","Pardesiyya","32.3","34.91667","53"
"Palestine","Qalansuwa","32.28472","34.97972","47"
"Palestine","Qalqilyah, West Bank","32.19","34.971",""
"Palestine","Qiryat Ata","32.80056","35.10639","20"
"Palestine","Qiryat Bialik","32.8275","35.08583","23"
"Palestine","Qiryat Gat","31.6","34.76667","126"
"Palestine","Qiryat Motzkin","32.83639","35.07528","18"
"Palestine","Qiryat Shemona","33.20806","35.56861","91"
"Palestine","Qiryat Yam","32.85083","35.07028","-9999"
"Palestine","Rafah, Gaza Strip","31.297","34.244",""
"Palestine","Ramat Gan","32.08056","34.81417","59"
"Palestine","Ramat HaSharon","32.14722","34.84167","89"
"Palestine","Ramat Yishay","32.70056","35.17972","124"
"Palestine","Ramla","31.92528","34.86694","76"
"Palestine","Rekhasim","32.75","35.1","105"
"Palestine","Rishon LeZiyyon","31.96417","34.80444","78"
"Palestine","Rosh Pinna","32.96667","35.53333","493"
"Palestine","Sajur","32.94583","35.34306","330"
"Palestine","Sakhnin","32.86222","35.29334","215"
"Palestine","Savyon","32.05306","34.87778","82"
"Palestine","Sederot","31.51667","34.58333","134"
"Palestine","Shelomi","33.06667","35.1","-9999"
"Palestine","Sulam","32.60833","35.33333","97"
"Palestine","Tamra","32.84861","35.20472","83"
"Palestine","Tel Aviv-Yafo","32.06778","34.76472","-9999"
"Palestine","Tel Mond","32.25","34.93333","85"
"Palestine","Tiberias","32.79556","35.52861","-39"
"Palestine","Tirat Karmel","32.76167","34.97194","34"
"Palestine","Tulkarm, West Bank","32.31","35.029",""
"Palestine","Umm el Fahm","32.51583","35.1525","505"
"Palestine","Uzeir","32.79444","35.33194","160"
"Palestine","Yavne","31.87639","34.74","47"
"Palestine","Yeroham","30.98722","34.93139","489"
"Palestine","Zefat","32.96667","35.49445","642"
"Panama","Achutupo Numero Dos","9.2","-77.9833","-9999"
"Panama","Aguadulce","8.25","-80.55","29"
"Panama","Alcaldediaz","9.116667","-79.55","132"
"Panama","Almirante","9.3","-82.4","16"
"Panama","Alto del Espino","8.833333","-79.85","83"
"Panama","Ancon","8.966667","-79.55","6"
"Panama","Anton","8.4","-80.2667","26"
"Panama","Arraijan","8.95","-79.65","142"
"Panama","Atalaya","8.05","-80.9333","90"
"Panama","Bejuco","8.6","-79.8833","25"
"Panama","Bocas del Toro","9.333333","-82.25","-9999"
"Panama","Boquete","8.783333","-82.4333","1132"
"Panama","Buena Vista","9.274722","-79.6953","81"
"Panama","Bugaba","8.483333","-82.6167","132"
"Panama","Canazas","8.316667","-81.2167","197"
"Panama","Capellania","8.3","-80.55","32"
"Panama","Capira","8.75","-79.8833","119"
"Panama","Cativa","9.360556","-79.8436","22"
"Panama","Cerro Punta","8.85","-82.5667","2224"
"Panama","Chame","8.583333","-79.8833","14"
"Panama","Changuinola","9.433333","-82.5167","24"
"Panama","Chepo","9.166667","-79.1","34"
"Panama","Chigore","8.533333","-80.35","93"
"Panama","Chilibre","9.15","-79.6167","49"
"Panama","Chiriqui","8.4","-82.3167","16"
"Panama","Chitre","7.966667","-80.4333","20"
"Panama","Churuquita Grande","8.6","-80.2667","183"
"Panama","Colon","9.359167","-79.9014","2"
"Panama","David","8.433333","-82.4333","56"
"Panama","Divala","8.416667","-82.7167","37"
"Panama","El Coco","8.870278","-79.815","93"
"Panama","El Espino","8.839444","-79.85","75"
"Panama","El Progreso","9.266667","-79.1167","238"
"Panama","Escobal","9.147222","-79.9619","32"
"Panama","Guabito","9.5","-82.6167","1"
"Panama","Guadalupe","8.855833","-79.8133","87"
"Panama","Gualaca","8.533333","-82.3","123"
"Panama","Guarare","7.816667","-80.2833","19"
"Panama","La Cabima","9.133333","-79.5333","151"
"Panama","La Chorrera","8.880278","-79.7833","70"
"Panama","La Concepcion","8.516667","-82.6167","239"
"Panama","La Esperanza","8.4","-82.8","1"
"Panama","La Herradura","8.852222","-79.8072","64"
"Panama","La Mesa","8.15","-81.1833","203"
"Panama","La Mitra","8.842222","-79.7867","79"
"Panama","La Palma","8.402778","-78.1453","15"
"Panama","La Pena","8.133333","-81.0333","129"
"Panama","La Pintada","8.6","-80.45","69"
"Panama","Las Cumbres","9.083333","-79.5333","113"
"Panama","Las Lomas","8.433333","-82.4","42"
"Panama","Las Tablas","7.766667","-80.2833","41"
"Panama","Lidice","8.75","-79.9","171"
"Panama","Los Algarrobos","8.5","-82.4333","123"
"Panama","Los Santos","7.933333","-80.4167","35"
"Panama","Macaracas","7.733333","-80.55","87"
"Panama","Margarita","9.331389","-79.8889","14"
"Panama","Monte Lirio","8.783333","-82.8333","793"
"Panama","Montijo","7.992222","-81.0544","62"
"Panama","Nata","8.333333","-80.5167","10"
"Panama","Nuevo Arraijan","8.916667","-79.7167","11"
"Panama","Nuevo Emperador","8.998889","-79.7272","129"
"Panama","Nuevo Vigia","9.244722","-79.6086","105"
"Panama","Ocu","7.95","-80.7833","130"
"Panama","Pacora","9.083333","-79.2833","21"
"Panama","Panama","8.966667","-79.5333","2"
"Panama","Parita","8","-80.5167","35"
"Panama","Paso Blanco","9.133333","-79.2333","30"
"Panama","Pedregal","8.366667","-82.4333","2"
"Panama","Penonome","8.516667","-80.3667","57"
"Panama","Pese","7.9","-80.6167","97"
"Panama","Playon Chico","9.3","-78.2333","-9999"
"Panama","Pocri","8.266667","-80.55","17"
"Panama","Potrero Grande","8.884444","-79.8294","91"
"Panama","Progreso","8.45","-82.8333","1"
"Panama","Puerto Armuelles","8.283333","-82.8667","12"
"Panama","Puerto Escondido","9.193333","-80.0883","37"
"Panama","Puerto Pilon","9.364444","-79.7933","8"
"Panama","Quebrada Bonita Adentro","9.3","-79.7","91"
"Panama","Quebrada Canoa","8.433333","-81.7833","653"
"Panama","Rio Alejandro","9.376389","-79.7911","7"
"Panama","Rio Hato","8.383333","-80.1667","27"
"Panama","Rio Sereno","8.816667","-82.8667","910"
"Panama","Sabanitas","9.342222","-79.8011","17"
"Panama","San Francisco","8.066667","-81.3667","69"
"Panama","San Miguelito","9.033333","-79.5","35"
"Panama","San Vicente de Bique","8.916667","-79.6833","69"
"Panama","Santa Maria","8.116667","-80.6667","10"
"Panama","Santa Marta","8.516667","-82.7","175"
"Panama","Santa Rita Arriba","9.337778","-79.78","205"
"Panama","Santiago","8.1","-80.9833","88"
"Panama","Santo Domingo","7.75","-80.25","49"
"Panama","Siogui Abajo","8.5","-82.6667","156"
"Panama","Sona","8.016667","-81.3167","21"
"Panama","Tocumen","9.083333","-79.3833","16"
"Panama","Ustupo","9.133333","-77.9333","1"
"Panama","Veracruz","8.883333","-79.6333","-9999"
"Panama","Villa Rosario","8.783333","-79.8667","97"
"Panama","Vista Alegre","8.933333","-79.7","38"
"Panama","Vista Hermosa","8.533333","-80.3667","78"
"Panama","Volcan","8.766667","-82.6333","1399"
"Papua New Guinea","Aitape","-3.13333","142.35","-9999"
"Papua New Guinea","Ambunti","-4.23333","142.8333","1"
"Papua New Guinea","Angoram","-4.06667","144.0667","6"
"Papua New Guinea","Arawa","-6.21667","155.55","6"
"Papua New Guinea","Buin","-6.83333","155.7333","1"
"Papua New Guinea","Bulolo","-7.2","146.65","794"
"Papua New Guinea","Daru","-9.08333","143.2","1"
"Papua New Guinea","Finschhafen","-6.6","147.85","-9999"
"Papua New Guinea","Goroka","-6.08333","145.3833","1515"
"Papua New Guinea","Ialibu","-6.28333","143.9833","2005"
"Papua New Guinea","Kainantu","-6.28333","145.8667","1558"
"Papua New Guinea","Kandrian","-6.21667","149.55","11"
"Papua New Guinea","Kavieng","-2.56667","150.8","1"
"Papua New Guinea","Kerema","-7.96667","145.7667","1"
"Papua New Guinea","Kieta","-6.21667","155.6333","64"
"Papua New Guinea","Kimbe","-5.55","150.15","217"
"Papua New Guinea","Kiunga","-6.11667","141.3","15"
"Papua New Guinea","Kokoda","-8.88333","147.7333","413"
"Papua New Guinea","Kokopo","-4.35","152.2667","1"
"Papua New Guinea","Kundiawa","-6.01667","144.9667","1525"
"Papua New Guinea","Lae","-6.73333","147","5"
"Papua New Guinea","Laiagam","-5.28333","143.7667","1711"
"Papua New Guinea","Lorengau","-2.01667","147.2667","-9999"
"Papua New Guinea","Madang","-5.21667","145.8","1"
"Papua New Guinea","Mendi","-6.15","143.65","1850"
"Papua New Guinea","Morehead","-8.55","141.65","37"
"Papua New Guinea","Mount Hagen","-5.86667","144.2167","1997"
"Papua New Guinea","Namatanai","-3.66667","152.4333","9"
"Papua New Guinea","Panguna","-6.25","155.5","878"
"Papua New Guinea","Popondetta","-8.76667","148.2333","161"
"Papua New Guinea","Porgera","-5.46667","143.2","3279"
"Papua New Guinea","Port Moresby","-9.46472","147.1925","50"
"Papua New Guinea","Rabaul","-4.2","152.1833","12"
"Papua New Guinea","Samarai","-10.6167","150.6667","-9999"
"Papua New Guinea","Vanimo","-2.68333","141.3","1"
"Papua New Guinea","Wabag","-5.48333","143.7","2136"
"Papua New Guinea","Wau","-7.33333","146.7167","1100"
"Papua New Guinea","Wewak","-3.55","143.6333","-9999"
"Paraguay","Abai","-26.0333","-55.9333","136"
"Paraguay","Acahay","-25.9167","-57.15","165"
"Paraguay","Altos","-25.2333","-57.25","148"
"Paraguay","Antequera","-24.1333","-57.0833","56"
"Paraguay","Aregua","-25.3","-57.4167","142"
"Paraguay","Arquitecto Tomas Romero Pereira","-26.4833","-55.25","346"
"Paraguay","Arroyos y Esteros","-25.0667","-57.1","92"
"Paraguay","Asuncion","-25.2667","-57.6667","55"
"Paraguay","Atyra","-25.25","-57.1667","97"
"Paraguay","Ayolas","-27.4","-56.9","46"
"Paraguay","Bella Vista","-22.1333","-56.5167","179"
"Paraguay","Bella Vista","-27.05","-55.55","122"
"Paraguay","Benjamin Aceval","-24.9667","-57.5667","62"
"Paraguay","Caacupe","-25.3833","-57.15","188"
"Paraguay","Caaguazu","-25.45","-56.0167","324"
"Paraguay","Caapucu","-26.2167","-57.2","106"
"Paraguay","Capiata","-25.35","-57.4167","112"
"Paraguay","Capiibary","-24.8","-56.0333","329"
"Paraguay","Capitan Bado","-23.2667","-55.5333","513"
"Paraguay","Capitan Miranda","-27.2","-55.8","197"
"Paraguay","Carapegua","-25.8","-57.2333","195"
"Paraguay","Carayao","-25.1833","-56.4","131"
"Paraguay","Carmen del Parana","-27.2333","-56.2167","99"
"Paraguay","Colonia Catuete","-24.1333","-54.6167","338"
"Paraguay","Colonia General Alfredo Stroessner","-25.3667","-55.7","306"
"Paraguay","Colonia Mariano Roque Alonso","-25.1667","-57.55","56"
"Paraguay","Colonia Mauricio Jose Troche","-25.5667","-56.2833","179"
"Paraguay","Colonia Menno","-22.3667","-59.8167","119"
"Paraguay","Colonia Neuland","-22.6667","-60.1167","126"
"Paraguay","Colonia Yguazu","-25.45","-55","259"
"Paraguay","Concepcion","-23.4064","-57.4344","44"
"Paraguay","Coronel Oviedo","-25.4167","-56.45","171"
"Paraguay","Doctor Juan Leon Mallorquin","-25.4","-55.2667","264"
"Paraguay","Doctor Juan Manuel Frutos","-25.3667","-55.8","261"
"Paraguay","Emboscada","-25.15","-57.35","131"
"Paraguay","Encarnacion","-27.3333","-55.9","60"
"Paraguay","Eusebio Ayala","-25.4","-56.9667","131"
"Paraguay","Fernando de la Mora","-25.3167","-57.6","144"
"Paraguay","Filadelfia","-22.35","-60.0333","129"
"Paraguay","Fram","-26.9833","-55.8833","230"
"Paraguay","Fuerte Olimpo","-21.0415","-57.8738","65"
"Paraguay","General Artigas","-26.9333","-56.2167","118"
"Paraguay","General Elizardo Aquino","-24.4333","-56.7","154"
"Paraguay","Guarambare","-25.4833","-57.4667","115"
"Paraguay","Guayaybi","-24.5333","-56.4333","275"
"Paraguay","Hohenau","-27.0833","-55.75","147"
"Paraguay","Horqueta","-23.3428","-57.0597","83"
"Paraguay","Ita","-25.4833","-57.35","131"
"Paraguay","Itacurubi de la Cordillera","-25.45","-56.85","127"
"Paraguay","Itacurubi del Rosario","-24.5","-56.6833","166"
"Paraguay","Itaquyry","-24.9333","-55.2167","237"
"Paraguay","Itaugua","-25.3833","-57.3333","120"
"Paraguay","Iturbe","-26.05","-56.4833","92"
"Paraguay","Jesus","-27.05","-55.7833","167"
"Paraguay","La Colmena","-25.8833","-56.8167","156"
"Paraguay","Lambare","-25.35","-57.65","48"
"Paraguay","Las Palomas","-24.0833","-54.5167","276"
"Paraguay","Limpio","-25.1833","-57.5333","71"
"Paraguay","Los Cedrales","-25.65","-54.7","222"
"Paraguay","Mbocayaty","-25.7","-56.4","118"
"Paraguay","Mbuyapey","-26.2","-56.75","89"
"Paraguay","Nanawa","-25.2667","-57.6667","55"
"Paraguay","Naranjal","-25.9667","-55.1833","269"
"Paraguay","Natalio","-26.7167","-55.0833","227"
"Paraguay","Nemby","-25.3667","-57.6","131"
"Paraguay","Nueva Italia","-25.6167","-57.5","130"
"Paraguay","Obligado","-27.0333","-55.6333","172"
"Paraguay","Paraguari","-25.6333","-57.15","90"
"Paraguay","Pirayu","-25.4833","-57.2333","82"
"Paraguay","Piribebuy","-25.4833","-57.05","271"
"Paraguay","Presidente Franco","-25.5333","-54.6167","201"
"Paraguay","Puerto Mayor Otano","-26.4","-54.7","76"
"Paraguay","Puerto Rosario","-24.45","-57.0833","62"
"Paraguay","Quiindy","-25.9667","-57.2667","109"
"Paraguay","Repatriacion","-25.5333","-55.95","288"
"Paraguay","Salto del Guaira","-24.05","-54.35","233"
"Paraguay","San Alberto","-24.9667","-54.9","346"
"Paraguay","San Antonio","-25.3833","-57.6333","48"
"Paraguay","San Bernardino","-25.2667","-57.3167","59"
"Paraguay","San Cosme y Damian","-27.3167","-56.35","78"
"Paraguay","San Isidro de Curuguaty","-24.5167","-55.7","186"
"Paraguay","San Jose","-25.5333","-56.7333","125"
"Paraguay","San Juan Nepomuceno","-26.1","-55.9667","113"
"Paraguay","San Lorenzo","-25.3333","-57.5333","146"
"Paraguay","San Pedro de Ycuamandiyu","-24.1","-57.0833","65"
"Paraguay","San Pedro del Parana","-26.8333","-56.2","133"
"Paraguay","Santa Rita","-25.7833","-55.0667","269"
"Paraguay","Santa Rosa","-26.8667","-56.85","143"
"Paraguay","Santiago","-27.15","-56.7833","70"
"Paraguay","Tacuati","-23.45","-56.5833","103"
"Paraguay","Tobati","-25.25","-57.0667","96"
"Paraguay","Trinidad","-27.1167","-55.7833","152"
"Paraguay","Villa Elisa","-25.3667","-57.6167","97"
"Paraguay","Villa Florida","-26.3833","-57.15","64"
"Paraguay","Villarrica","-25.75","-56.4333","126"
"Paraguay","Yaguaron","-25.6","-57.3","62"
"Paraguay","Ybycui","-26.0167","-57.05","122"
"Paraguay","Ygatimi","-24.0833","-55.5","154"
"Paraguay","Ypacarai","-25.3833","-57.2667","56"
"Paraguay","Yuty","-26.6","-56.25","113"
"Peru","Abancay","-13.6339","-72.8814","2690"
"Peru","Andahuaylas","-13.6556","-73.3872","3052"
"Peru","Arequipa","-16.3989","-71.535","2397"
"Peru","Ayacucho","-13.1583","-74.2239","2819"
"Peru","Ayaviri","-14.8864","-70.5889","3919"
"Peru","Bagua Grande","-5.75611","-78.4411","746"
"Peru","Barranca","-10.75","-77.7667","64"
"Peru","Cajamarca","-7.16378","-78.5003","2609"
"Peru","Callao","-12.0667","-77.15","1"
"Peru","Camana","-16.6228","-72.7111","52"
"Peru","Catacaos","-5.26667","-80.6833","11"
"Peru","Cerro de Pasco","-10.6833","-76.2667","4363"
"Peru","Chachapoyas","-6.23169","-77.869","1851"
"Peru","Chancay","-11.5714","-77.2672","77"
"Peru","Chaupimarca","-10.4333","-76.5333","3456"
"Peru","Chepen","-7.21667","-79.45","77"
"Peru","Chiclayo","-6.77361","-79.8417","1"
"Peru","Chimbote","-9.08528","-78.5783","1"
"Peru","Chincha Alta","-13.45","-76.1333","72"
"Peru","Chocope","-7.79139","-79.2217","119"
"Peru","Chongoyape","-6.64056","-79.3892","53"
"Peru","Chosica","-11.9431","-76.7094","923"
"Peru","Chulucanas","-5.0925","-80.1625","120"
"Peru","Cusco","-13.5183","-71.9781","3360"
"Peru","Ferrenafe","-6.63889","-79.7889","127"
"Peru","Guadalupe","-7.25","-79.4833","83"
"Peru","Huacho","-11.1067","-77.605","61"
"Peru","Hualmay","-11.0964","-77.6139","40"
"Peru","Huamachuco","-7.8","-78.0667","3072"
"Peru","Huancavelica","-12.7667","-74.9833","3981"
"Peru","Huancayo","-12.0667","-75.2333","3496"
"Peru","Huanta","-12.9333","-74.25","2943"
"Peru","Huanuco","-9.91667","-76.2333","1794"
"Peru","Huaral","-11.495","-77.2078","221"
"Peru","Huaraz","-9.53333","-77.5333","2829"
"Peru","Huarmey","-10.0681","-78.1522","105"
"Peru","Huaura","-11.07","-77.5994","42"
"Peru","Ica","-14.0681","-75.7256","421"
"Peru","Ilave","-16.0833","-69.6667","3844"
"Peru","Ilo","-17.6394","-71.3375","117"
"Peru","Imperial","-13.0667","-76.35","111"
"Peru","Iquitos","-3.74806","-73.2472","107"
"Peru","Jaen","-5.70806","-78.8047","840"
"Peru","Jauja","-11.8","-75.5","3860"
"Peru","Juanjui","-7.18333","-76.75","328"
"Peru","Juliaca","-15.5","-70.1333","3894"
"Peru","La Breita","-4.26083","-80.8875","291"
"Peru","La Oroya","-11.5333","-75.9","3990"
"Peru","La Peca","-5.61111","-78.435","1143"
"Peru","La Union","-5.4","-80.75","6"
"Peru","Lambayeque","-6.70111","-79.9061","2"
"Peru","Laredo","-8.1","-78.95","83"
"Peru","Lima","-12.05","-77.05","108"
"Peru","Mala","-12.6581","-76.6308","130"
"Peru","Marcavelica","-4.87778","-80.7053","65"
"Peru","Moche","-8.17111","-79.0092","109"
"Peru","Mollendo","-17.0231","-72.0147","1"
"Peru","Monsefu","-6.87806","-79.8722","1"
"Peru","Moquegua","-17.1956","-70.9353","1481"
"Peru","Moyobamba","-6.05","-76.9667","760"
"Peru","Nazca","-14.8333","-74.95","595"
"Peru","Nuevo Imperial","-13.0833","-76.3333","141"
"Peru","Pacasmayo","-7.40056","-79.5714","3"
"Peru","Paijan","-7.73333","-79.3022","117"
"Peru","Paita","-5.08917","-81.1144","1"
"Peru","Paramonga","-10.6667","-77.8333","41"
"Peru","Picsi","-6.71778","-79.7697","60"
"Peru","Pimentel","-6.83667","-79.9342","1"
"Peru","Pisco","-13.7","-76.2167","3"
"Peru","Piura","-5.2","-80.6333","25"
"Peru","Pucallpa","-8.37915","-74.5539","158"
"Peru","Puerto Maldonado","-12.6","-69.1833","193"
"Peru","Puno","-15.8333","-70.0333","3792"
"Peru","Querecotillo","-4.83778","-80.6456","76"
"Peru","Rioja","-6.05861","-77.165","789"
"Peru","San Clemente","-13.6667","-76.15","72"
"Peru","San Pedro de Lloc","-7.43278","-79.5058","1"
"Peru","San Vicente de Canete","-13.0833","-76.4","36"
"Peru","Santa Ana","-12.8667","-72.7167","857"
"Peru","Santiago de Cao","-7.95889","-79.2392","1"
"Peru","Satipo","-11.2522","-74.6386","627"
"Peru","Sechura","-5.55694","-80.8222","1"
"Peru","Sicuani","-14.2694","-71.2261","3716"
"Peru","Sullana","-4.90389","-80.6853","67"
"Peru","Tacna","-18.0056","-70.2483","601"
"Peru","Talara","-4.57722","-81.2719","14"
"Peru","Tambo Grande","-4.92694","-80.3447","96"
"Peru","Tambopata","-12.7333","-69.1833","200"
"Peru","Tarma","-11.4197","-75.6908","4058"
"Peru","Tingo Maria","-9.3","-75.9833","706"
"Peru","Tocache Nuevo","-8.18417","-76.5125","457"
"Peru","Trujillo","-8.11599","-79.03","36"
"Peru","Tumbes","-3.56667","-80.4414","8"
"Peru","Uchiza","-8.45917","-76.4633","615"
"Peru","Viru","-8.41667","-78.75","65"
"Peru","Yanacancha","-10.2411","-76.6456","3986"
"Peru","Yunguyo","-16.25","-69.0833","3826"
"Peru","Yurimaguas","-5.9","-76.0833","185"
"Peru","Zana","-6.92222","-79.5842","95"
"Peru","Zarumilla","-3.50306","-80.2731","35"
"Philippines","Angono","14.52556","121.1497","19"
"Philippines","Antipolo","14.58639","121.1753","200"
"Philippines","Apalit","14.95333","120.77","9"
"Philippines","Arayat","15.15083","120.7731","9"
"Philippines","Bacoor","14.45778","120.9425","5"
"Philippines","Bago","10.53778","122.8333","1"
"Philippines","Baguio","16.41639","120.5931","1448"
"Philippines","Balanga","14.67611","120.5361","23"
"Philippines","Baliuag","14.95472","120.8969","24"
"Philippines","Batangas","13.75944","121.06","13"
"Philippines","Binangonan","14.46556","121.1919","15"
"Philippines","Binonga","10.77306","122.9828","12"
"Philippines","Bocaue","14.79833","120.9261","14"
"Philippines","Bulaon","15.08833","120.6672","27"
"Philippines","Cabanatuan","15.48694","120.9675","34"
"Philippines","Cadiz Viejo","10.95056","123.2856","14"
"Philippines","Cagayan de Oro","8.482222","124.6472","8"
"Philippines","Cainta","14.58","121.1169","38"
"Philippines","Calamba","14.21167","121.1653","29"
"Philippines","Calumpit","14.91639","120.7658","8"
"Philippines","Capas","15.3275","120.5908","43"
"Philippines","Cavite","14.4825","120.9169","-9999"
"Philippines","Cebu City","10.31111","123.8917","27"
"Philippines","Cotabato","7.223611","124.2464","4"
"Philippines","Daet","14.11278","122.9558","8"
"Philippines","Dasmarinas","14.32944","120.9367","78"
"Philippines","Davao","7.073056","125.6128","3"
"Philippines","Digos","6.749722","125.3572","5"
"Philippines","Dipolog","8.589444","123.3414","-9999"
"Philippines","Dumaguete","9.310278","123.3081","13"
"Philippines","Gapan","15.3075","120.9453","19"
"Philippines","General Trias","14.38694","120.8817","21"
"Philippines","Guiguinto","14.83333","120.8833","11"
"Philippines","Guyong","14.83861","120.9797","19"
"Philippines","Hagonoy","14.8325","120.7333","8"
"Philippines","Ilagan","17.14806","121.8908","63"
"Philippines","Iloilo","10.69694","122.5644","-9999"
"Philippines","Imus","14.42972","120.9367","16"
"Philippines","Iriga","13.425","123.4178","27"
"Philippines","Jolo","6.052222","121.0022","21"
"Philippines","Kabankalan","9.988889","122.8122","12"
"Philippines","Kawit","14.44556","120.905","3"
"Philippines","Kidapawan","7.008333","125.0894","263"
"Philippines","Koronadal","6.503056","124.8469","50"
"Philippines","Laoag","18.19889","120.5936","18"
"Philippines","Lapu-Lapu City","10.31028","123.9494","1"
"Philippines","Legaspi Port","13.14667","123.7558","5"
"Philippines","Libertad","8.944167","125.5019","17"
"Philippines","Lipa","13.93944","121.1739","288"
"Philippines","Los Banos","14.17889","121.2256","28"
"Philippines","Lucena","13.93139","121.6172","15"
"Philippines","Mabalacat","15.22333","120.5792","96"
"Philippines","Malolos","14.84194","120.8117","9"
"Philippines","Mandaue City","10.32361","123.9222","6"
"Philippines","Mangaldan","16.06917","120.4064","32"
"Philippines","Manila","14.60417","120.9822","4"
"Philippines","Mansilingan","10.63111","122.9789","50"
"Philippines","Mantampay","8.166667","124.2167","248"
"Philippines","Marawi","7.998611","124.2928","700"
"Philippines","Marilao","14.75778","120.9483","8"
"Philippines","Mariveles","14.43361","120.4853","13"
"Philippines","Mati","6.952778","126.2158","7"
"Philippines","Meycauayan","14.73694","120.9608","12"
"Philippines","Muricay","7.826389","123.4797","11"
"Philippines","Naga","13.61917","123.1814","3"
"Philippines","Norzagaray","14.91056","121.0489","56"
"Philippines","Olongapo","14.82917","120.2828","17"
"Philippines","Ormoc","11.00639","124.6075","1"
"Philippines","Ozamis","8.145833","123.8444","2"
"Philippines","Panabo","7.308056","125.6842","3"
"Philippines","Panalanoy","11.25111","125.0064","1"
"Philippines","Puerto Princesa","9.739167","118.7353","8"
"Philippines","Pulilan","14.90167","120.8492","16"
"Philippines","Rodriguez","14.7325","121.145","49"
"Philippines","Roxas City","11.58528","122.7511","8"
"Philippines","Sagay","10.94472","123.4242","5"
"Philippines","San Fernando","15.03028","120.6856","16"
"Philippines","San Fernando","16.61861","120.3194","72"
"Philippines","San Jose del Monte","14.81389","121.0453","48"
"Philippines","San Mateo","14.69694","121.1219","47"
"Philippines","San Pablo","14.06694","121.3258","101"
"Philippines","San Pedro","14.36472","121.0556","16"
"Philippines","Santa Cruz","14.27861","121.4156","15"
"Philippines","Santa Rosa","14.31222","121.1114","13"
"Philippines","Santiago","16.68808","121.5487","78"
"Philippines","Santol","15.16222","120.5675","120"
"Philippines","Silang","14.23056","120.975","299"
"Philippines","Sorsogon","12.97389","123.9933","13"
"Philippines","Surigao","9.783889","125.4889","6"
"Philippines","Tagbilaran","9.6475","123.8556","-9999"
"Philippines","Talisay","10.24472","123.8494","5"
"Philippines","Tanza","14.67528","120.9389","2"
"Philippines","Tarlac","15.48889","120.5986","42"
"Philippines","Taytay","14.56917","121.1325","37"
"Philippines","Toledo","10.37917","123.6419","24"
"Philippines","Tuguegarao City","17.61306","121.7269","58"
"Philippines","Urdaneta","15.97611","120.5711","23"
"Philippines","Valencia","7.906389","125.0942","270"
"Philippines","Victorias City","10.9","123.0778","5"
"Philippines","Zamboanga","6.910278","122.0739","2"
"Poland","Bedzin","50.32366","19.13226","293"
"Poland","Belchatow","51.36667","19.38333","216"
"Poland","Biala Podlaska","52.03333","23.13333","158"
"Poland","Bialystok","53.13333","23.15","168"
"Poland","Bielsko-Biala","49.81667","19.03333","361"
"Poland","Bydgoszcz","53.15","18","65"
"Poland","Bytom","50.35","18.96667","269"
"Poland","Chelm","51.13333","23.5","199"
"Poland","Chorzow","50.3","18.96667","274"
"Poland","Ciechanow","52.88333","20.61667","119"
"Poland","Czestochowa","50.8","19.11667","257"
"Poland","Dabrowa Gornicza","50.33333","19.2","288"
"Poland","Debica","50.05","21.41667","217"
"Poland","Elblag","54.16667","19.38333","10"
"Poland","Elk","53.82883","22.36456","144"
"Poland","Gdansk","54.35","18.66667","15"
"Poland","Gdynia","54.5","18.55","34"
"Poland","Gliwice","50.28333","18.66667","226"
"Poland","Glogow","51.66617","16.0845","90"
"Poland","Gniezno","52.55","17.6","120"
"Poland","Gorzow Wielkopolski","52.73333","15.23333","18"
"Poland","Grudziadz","53.48333","18.76667","28"
"Poland","Inowroclaw","52.8","18.26667","76"
"Poland","Jastrzebie Zdroj","49.95","18.58333","255"
"Poland","Jaworzno","50.20531","19.275","342"
"Poland","Jelenia Gora","50.90083","15.72528","342"
"Poland","Kalisz","51.75","18.08333","141"
"Poland","Katowice","50.26667","19.01667","293"
"Poland","Kedzierzyn-Kozle","50.35","18.2","168"
"Poland","Kielce","50.83333","20.66667","262"
"Poland","Konin","52.21667","18.26667","88"
"Poland","Koszalin","54.2","16.18333","32"
"Poland","Krakow","50.08333","19.91667","233"
"Poland","Krosno","49.68333","21.78333","267"
"Poland","Kutno","52.23333","19.36667","98"
"Poland","Legionowo","52.4","20.93333","71"
"Poland","Legnica","51.2","16.2","109"
"Poland","Leszno","51.85","16.58333","90"
"Poland","Lodz","51.75","19.46667","198"
"Poland","Lomza","53.18333","22.08333","99"
"Poland","Lubin","51.4","16.2","128"
"Poland","Lublin","51.25","22.56667","170"
"Poland","Mielec","50.28333","21.41667","171"
"Poland","Myslowice","50.24226","19.13921","272"
"Poland","Nowe Tychy","50.15","19","266"
"Poland","Nowy Sacz","49.63333","20.71667","337"
"Poland","Nysa Zamlmie","50.46667","17.31667","189"
"Poland","Olsztyn","53.78333","20.48333","147"
"Poland","Opole","50.66667","17.95","177"
"Poland","Ostroleka","53.08333","21.56667","92"
"Poland","Ostrow Wielkopolski","51.65","17.81667","139"
"Poland","Ostrowiec Swietokrzyski","50.93333","21.4","166"
"Poland","Pabianice","51.66667","19.36667","183"
"Poland","Piekary Slaskie","50.4","18.95","258"
"Poland","Pila","53.15","16.75","55"
"Poland","Piotrkow Trybunalski","51.4","19.68333","206"
"Poland","Plock","52.55","19.7","95"
"Poland","Poznan","52.41667","16.96667","50"
"Poland","Pruszkow","52.17162","20.80639","89"
"Poland","Przemysl","49.78333","22.78333","194"
"Poland","Pulawy","51.41667","21.96667","151"
"Poland","Raciborz","50.08333","18.2","189"
"Poland","Radom","51.41667","21.15","158"
"Poland","Radomsko","51.06667","19.45","236"
"Poland","Ruda Slaska","50.31667","18.85","253"
"Poland","Rumia","54.58333","18.4","22"
"Poland","Rybnik","50.10186","18.54664","237"
"Poland","Rzeszow","50.05","22","206"
"Poland","Siedlce","52.16667","22.3","160"
"Poland","Siemianowice Slaskie","50.3","19.03333","267"
"Poland","Skarzysko-Kamienna","51.11667","20.9","237"
"Poland","Skierniewice","51.96667","20.15","122"
"Poland","Slupsk","54.45","17.03333","21"
"Poland","Sosnowiec","50.3","19.16667","331"
"Poland","Stalowa Wola","50.56667","22.05","155"
"Poland","Starachowice","51.06667","21.06667","259"
"Poland","Stargard Szczecinski","53.33333","15.05","21"
"Poland","Starogard Gdanski","53.96667","18.55","95"
"Poland","Suwalki","54.09944","22.93306","175"
"Poland","Swidnica","50.85","16.5","209"
"Poland","Swietochlowice","50.28333","18.91667","285"
"Poland","Szczecin","53.42938","14.55294","1"
"Poland","Tarnobrzeg","50.58333","21.68333","151"
"Poland","Tarnow","50.01667","20.98333","213"
"Poland","Tarnowskie Gory","50.45","18.86667","275"
"Poland","Tczew","54.1","18.8","3"
"Poland","Tomaszow Mazowiecki","51.53333","20.01667","160"
"Poland","Torun","53.03333","18.6","80"
"Poland","Walbrzych","50.76667","16.28333","465"
"Poland","Warsaw","52.25","21","94"
"Poland","Wejherowo","54.6","18.23333","55"
"Poland","Wloclawek","52.65","19.03333","50"
"Poland","Wodzislaw Slaski","50","18.46667","264"
"Poland","Wroclaw","51.1","17.03333","118"
"Poland","Zabrze","50.31667","18.78333","257"
"Poland","Zamosc","50.71667","23.25","223"
"Poland","Zawiercie","50.5","19.43333","354"
"Poland","Zgierz","51.85","19.41667","195"
"Poland","Zielona Gora","51.93333","15.5","166"
"Poland","Zory","50.05","18.7","259"
"Portugal","Aguas Santas","41.2","-8.58333","138"
"Portugal","Alcabideche","38.73333","-9.41667","119"
"Portugal","Alges","38.7","-9.23333","11"
"Portugal","Almada","38.68333","-9.15","1"
"Portugal","Amadora","38.75382","-9.23083","103"
"Portugal","Amora","38.61667","-9.11667","24"
"Portugal","Arrentela","38.61667","-9.1","36"
"Portugal","Aveiro","40.63333","-8.65","26"
"Portugal","Barcelos","41.53333","-8.61667","24"
"Portugal","Barreiro","38.66667","-9.06667","-9999"
"Portugal","Belas","38.76667","-9.26667","177"
"Portugal","Bougado","41.33333","-8.55","99"
"Portugal","Braga","41.55","-8.43333","168"
"Portugal","Cacem","38.76667","-9.3","173"
"Portugal","Caldas da Rainha","39.4","-9.13333","110"
"Portugal","Camara de Lobos","32.63333","-16.9667","-9999"
"Portugal","Camarate","38.8","-9.13333","85"
"Portugal","Canidelo","41.11667","-8.65","83"
"Portugal","Caparica","38.66667","-9.2","101"
"Portugal","Carcavelos","38.68333","-9.33333","17"
"Portugal","Carnaxide","38.71667","-9.25","90"
"Portugal","Cascais","38.6979","-9.42146","7"
"Portugal","Castelo Branco","39.81667","-7.5","384"
"Portugal","Charneca","38.61667","-9.18333","55"
"Portugal","Coimbra","40.2","-8.41667","44"
"Portugal","Corroios","38.63333","-9.15","26"
"Portugal","Cova da Piedade","38.66667","-9.15","1"
"Portugal","Covilha","40.28333","-7.5","491"
"Portugal","Custoias","41.1","-7.31667","624"
"Portugal","Entroncamento","39.46667","-8.46667","49"
"Portugal","Ermesinde","41.21667","-8.55","113"
"Portugal","Esposende","41.53333","-8.78333","-9999"
"Portugal","Estoril","38.70571","-9.39773","24"
"Portugal","Evora","38.56667","-7.9","247"
"Portugal","Fanzeres","41.16667","-8.53333","166"
"Portugal","Faro","37.01667","-7.93333","12"
"Portugal","Funchal","32.63333","-16.9","-9999"
"Portugal","Gondomar","41.15","-8.53333","164"
"Portugal","Guimaraes","41.45","-8.3","198"
"Portugal","Ilhavo","40.6","-8.66667","16"
"Portugal","Lagos","37.10202","-8.67422","1"
"Portugal","Laranjeiro","37.06667","-7.8","51"
"Portugal","Leca da Palmeira","41.2","-8.7","18"
"Portugal","Leiria","39.75","-8.8","79"
"Portugal","Linda-a-Velha","38.71667","-9.25","90"
"Portugal","Lisbon","38.71667","-9.13333","56"
"Portugal","Loule","37.13333","-8.03333","89"
"Portugal","Loures","38.83091","-9.16845","23"
"Portugal","Maia","41.23333","-8.61667","77"
"Portugal","Marinha Grande","39.75","-8.93333","114"
"Portugal","Matosinhos","41.18333","-8.7","-9999"
"Portugal","Moita","38.65","-8.98333","29"
"Portugal","Moncao","42.07892","-8.48076","28"
"Portugal","Monsanto","39.46667","-8.71667","192"
"Portugal","Monte Estoril","38.70279","-9.41606","13"
"Portugal","Montijo","38.7","-8.96667","-9999"
"Portugal","Odivelas","38.78333","-9.18333","86"
"Portugal","Olhao","37.03333","-7.83333","8"
"Portugal","Oliveira do Douro","41.11667","-8.58333","26"
"Portugal","Ovar","40.86667","-8.63333","21"
"Portugal","Paco de Arcos","38.69569","-9.29143","1"
"Portugal","Parede","38.68333","-9.35","1"
"Portugal","Pedroso","41.41667","-8.75","54"
"Portugal","Pinhal Novo","38.63333","-8.91667","42"
"Portugal","Pombal","39.91667","-8.63333","76"
"Portugal","Ponta Delgada","37.73333","-25.6667","-9999"
"Portugal","Ponte do Lima","41.76667","-8.58333","29"
"Portugal","Pontinha","38.76667","-9.2","110"
"Portugal","Portimao","37.13856","-8.53775","16"
"Portugal","Porto","41.15","-8.61667","74"
"Portugal","Povoa de Santa Iria","38.85","-9.06667","1"
"Portugal","Povoa de Varzim","41.38333","-8.76667","-9999"
"Portugal","Quarteira","37.06667","-8.1","31"
"Portugal","Queluz","38.75","-9.25","161"
"Portugal","Ramada","38.8","-9.18333","38"
"Portugal","Rio de Mouro","38.76667","-9.33333","142"
"Portugal","Rio Tinto","41.18333","-8.56667","81"
"Portugal","Sacavem","38.78333","-9.1","1"
"Portugal","Santa Iria da Azoia","38.85","-9.08333","1"
"Portugal","Santarem","39.23333","-8.68333","15"
"Portugal","Sao Domingos de Rana","38.7","-9.33333","39"
"Portugal","Sao Joao da Madeira","40.90229","-8.48969","204"
"Portugal","Sao Joao da Talha","38.81667","-9.08333","2"
"Portugal","Sao Mamede de Infesta","41.2","-8.6","113"
"Portugal","Sao Pedro da Cova","41.15","-8.51667","116"
"Portugal","Senhora da Hora","41.18333","-8.65","83"
"Portugal","Sequeira","40.55","-7.23333","815"
"Portugal","Sesimbra","38.44451","-9.10149","42"
"Portugal","Setubal","38.5244","-8.8882","1"
"Portugal","Sintra","38.8","-9.38333","272"
"Portugal","Tomar","39.6","-8.41667","107"
"Portugal","Torres Vedras","39.1","-9.26667","24"
"Portugal","Valongo","41.18333","-8.5","184"
"Portugal","Vila do Conde","41.35","-8.75","17"
"Portugal","Vila Franca de Xira","38.95","-8.98333","-9999"
"Portugal","Vila Nova de Gaia","41.13333","-8.61667","91"
"Portugal","Vila Real","41.3","-7.75","431"
"Portugal","Vilar de Andorinho","41.1","-8.56667","81"
"Portugal","Viseu","40.65","-7.91667","483"
