"Bahrain","Al Hadd","26.24556","50.65417","3"
"Bahrain","Al Muharraq","26.25722","50.61195","13"
"Bahrain","Dar Kulayb","26.06861","50.50389","2"
"Bahrain","Jidd Hafs","26.21861","50.54778","1"
"Bahrain","Madinat `Isa","26.17361","50.54778","5"
"Bahrain","Manama","26.23611","50.58306","-9999"
"Bahrain","Sitrah","26.15472","50.62056","6"
"Bangladesh","Abhaynagar","23.01667","89.46667","16"
"Bangladesh","Badarganj","25.66667","89.05","32"
"Bangladesh","Bajitpur","24.21667","90.95","10"
"Bangladesh","Bandarban","22.19806","92.21972","10"
"Bangladesh","Baniachang","24.51667","91.36667","4"
"Bangladesh","Barahanuddin","22.5","90.71667","2"
"Bangladesh","Barisal","22.70194","90.37111","2"
"Bangladesh","Bera","24.08333","89.61667","20"
"Bangladesh","Bhairab Bazar","24.06667","90.96667","16"
"Bangladesh","Bhandaria","22.48333","90.06667","2"
"Bangladesh","Bheramara","24.03333","88.96667","8"
"Bangladesh","Bhola","22.68333","90.65","1"
"Bangladesh","Char Bhadrasan","23.31667","90.21667","4"
"Bangladesh","Chhagalnaiya","23.03","91.50694","8"
"Bangladesh","Chhatak","25.03333","91.66666","6"
"Bangladesh","Chilmari","25.55","89.71667","18"
"Bangladesh","Chittagong","22.33306","91.83639","7"
"Bangladesh","Comilla","23.45778","91.20444","12"
"Bangladesh","Dakshin Char Fasson","22.21667","90.73333","2"
"Bangladesh","Dhaka","23.72306","90.40861","4"
"Bangladesh","Dinajpur","25.63333","88.63333","35"
"Bangladesh","Dohar","23.58833","90.14694","4"
"Bangladesh","Faridpur","23.6","89.83334","11"
"Bangladesh","Fatikchari","22.68833","91.79083","9"
"Bangladesh","Feni","23.01861","91.41","5"
"Bangladesh","Gafargaon","24.43333","90.56667","13"
"Bangladesh","Gaurnadi","22.96667","90.23333","2"
"Bangladesh","Habiganj","24.38333","91.41666","6"
"Bangladesh","Hajiganj","23.25111","90.85917","4"
"Bangladesh","Ishurdi","24.13333","89.08334","30"
"Bangladesh","Jaipur Hat","25.1","89.01667","29"
"Bangladesh","Jamalpur","24.91667","89.93333","12"
"Bangladesh","Jessore","23.16667","89.21667","15"
"Bangladesh","Jhikergacha","23.11667","89.11667","11"
"Bangladesh","Kalia","23.05","89.63333","14"
"Bangladesh","Kaliganj","23.41667","89.13333","24"
"Bangladesh","Kaptaimukh","22.47139","92.23222","18"
"Bangladesh","Kesabpur","22.91667","89.21667","14"
"Bangladesh","Khagrachari","23.1","91.96667","48"
"Bangladesh","Khulna","22.8","89.55","9"
"Bangladesh","Kishorganj","24.43333","90.76667","10"
"Bangladesh","Kushtia","23.91667","89.11667","26"
"Bangladesh","Laksham","23.24722","91.1425","10"
"Bangladesh","Lakshmipur","22.95","90.83334","2"
"Bangladesh","Lalmanir Hat","25.9","89.45","32"
"Bangladesh","Lalmohan","22.31667","90.71667","1"
"Bangladesh","Madaripur","23.17528","90.20722","-9999"
"Bangladesh","Manikchhari","22.8625","91.845","42"
"Bangladesh","Mathbaria","22.3","89.95","7"
"Bangladesh","Mehendiganj","22.81667","90.53333","2"
"Bangladesh","Mirzapur","24.1","90.1","16"
"Bangladesh","Morrelganj","22.46667","89.85","1"
"Bangladesh","Moulvi Bazar","24.48333","91.78333","13"
"Bangladesh","Muktagacha","24.76667","90.23333","23"
"Bangladesh","Mymensingh","24.75","90.4","17"
"Bangladesh","Nabinagar","23.89167","90.97334","3"
"Bangladesh","Nageswari","25.96667","89.71667","40"
"Bangladesh","Nalchiti","22.63333","90.28333","2"
"Bangladesh","Narail","23.16667","89.5","14"
"Bangladesh","Narayanganj","23.62333","90.50111","4"
"Bangladesh","Narsingdi","23.92083","90.71806","4"
"Bangladesh","Nawabganj","24.6","88.28333","21"
"Bangladesh","Netrakona","24.88333","90.71667","2"
"Bangladesh","Pabna","24","89.25","8"
"Bangladesh","Palang","23.21667","90.35","5"
"Bangladesh","Panchagarh","26.33333","88.56667","59"
"Bangladesh","Par Naogaon","24.8","88.95","14"
"Bangladesh","Parbatipur","25.65","88.91666","30"
"Bangladesh","Patiya","22.29472","91.97916","7"
"Bangladesh","Phultala","22.7","89.51667","9"
"Bangladesh","Pirganj","25.86667","88.36667","35"
"Bangladesh","Pirojpur","22.56667","89.98333","3"
"Bangladesh","Raipur","23.05","90.76667","3"
"Bangladesh","Rajshahi","24.36667","88.6","31"
"Bangladesh","Ramganj","23.1","90.85","3"
"Bangladesh","Rangpur","25.75","89.25","36"
"Bangladesh","Raojan","22.53833","91.91472","7"
"Bangladesh","Saidpur","25.77769","88.89169","36"
"Bangladesh","Sakhipur","24.3","90.18333","19"
"Bangladesh","Sandwip","22.46778","91.45611","6"
"Bangladesh","Sarankhola","22.3","89.78333","1"
"Bangladesh","Sarishabari","24.73333","89.83334","9"
"Bangladesh","Satkania","22.07556","92.05139","6"
"Bangladesh","Satkhira","22.71667","89.1","14"
"Bangladesh","Shahzadpur","24.16667","89.6","17"
"Bangladesh","Sherpur","25.01667","90.01667","14"
"Bangladesh","Shibganj","24.68333","88.16666","17"
"Bangladesh","Sirajganj","24.45","89.71667","13"
"Bangladesh","Sylhet","24.89667","91.87167","9"
"Bangladesh","Tangail","24.25","89.91666","13"
"Bangladesh","Teknaf","20.86667","92.3","-9999"
"Bangladesh","Thakurgaon","26.03333","88.46667","37"
"Bangladesh","Tungi","23.89","90.40583","4"
"Bangladesh","Tungipara","22.9","89.91666","6"
"Barbados","Bathsheba","13.21667","-59.5167","-9999"
"Barbados","Blackmans","13.18333","-59.5333","219"
"Barbados","Bridgetown","13.1","-59.6167","1"
"Barbados","Crab Hill","13.31667","-59.6333","39"
"Barbados","Greenland","13.25","-59.5667","45"
"Barbados","Hillaby","13.21667","-59.5833","143"
"Barbados","Holetown","13.18333","-59.65","1"
"Barbados","Oistins","13.06667","-59.5333","53"
"Barbados","Speightstown","13.25","-59.65","1"
"Barbados","The Crane","13.1","-59.45","-9999"
"Belarus","Ashmyany","54.41694","25.93278","207"
"Belarus","Asipovichy","53.29333","28.64222","142"
"Belarus","Babruysk","53.15","29.23333","134"
"Belarus","Baranavichy","53.13333","26.03333","196"
"Belarus","Barysaw","54.22556","28.49139","179"
"Belarus","Beloozersk","52.47111","25.17333","167"
"Belarus","Boruny","54.31667","26.13333","251"
"Belarus","Braslaw","55.63389","27.05389","131"
"Belarus","Brest","52.1","23.7","148"
"Belarus","Byaroza","52.53361","24.98389","153"
"Belarus","Bykhaw","53.51833","30.24611","158"
"Belarus","Chashniki","54.85889","29.15583","154"
"Belarus","Chavusi","53.81278","30.98361","153"
"Belarus","Cherykaw","53.57222","31.38056","154"
"Belarus","David-Gorodok","52.05","27.21667","126"
"Belarus","Disna","55.56667","28.21667","107"
"Belarus","Dobrush","52.40944","31.32278","116"
"Belarus","Dokshytsy","54.89611","27.75833","197"
"Belarus","Drahichyn","52.18972","25.15028","143"
"Belarus","Druya","55.78333","27.45","109"
"Belarus","Dzyarzhynsk","53.685","27.14194","206"
"Belarus","Dzyatlava","53.48806","25.41333","152"
"Belarus","Fanipol","53.76272","27.29622","235"
"Belarus","Haradok","55.46028","30","179"
"Belarus","Hlybokaye","55.13333","27.68333","164"
"Belarus","Horki","54.28333","30.99111","185"
"Belarus","Hrodna","53.68139","23.81472","128"
"Belarus","Ivanava","52.1325","25.54611","142"
"Belarus","Ivenets","53.88333","26.75","212"
"Belarus","Kalinkavichy","52.13333","29.32889","126"
"Belarus","Karelichy","53.56528","26.13778","156"
"Belarus","Kastsyukovichy","53.33889","32.04611","170"
"Belarus","Klimavichy","53.60944","31.95194","173"
"Belarus","Klyetsk","53.06528","26.64167","184"
"Belarus","Kobryn","52.21611","24.36639","147"
"Belarus","Konstantinovo","54.66667","29.26667","190"
"Belarus","Kossovo","52.75","25.15","178"
"Belarus","Kostyukovka","52.53861","30.91583","144"
"Belarus","Krevo","54.31667","26.28333","272"
"Belarus","Krychaw","53.69889","31.71417","154"
"Belarus","Lida","53.88333","25.29972","145"
"Belarus","Mahilyow","53.91389","30.33639","187"
"Belarus","Maladzyechna","54.31667","26.84972","164"
"Belarus","Malaryta","51.78333","24.08333","163"
"Belarus","Mar'ina Horka","53.51667","28.15","150"
"Belarus","Masty","53.40778","24.53278","118"
"Belarus","Mazyr","52.05","29.26667","119"
"Belarus","Minsk","53.9","27.56667","199"
"Belarus","Mir","53.45","26.46667","171"
"Belarus","Miyory","55.61556","27.62861","151"
"Belarus","Myadzyel","54.86861","26.93722","172"
"Belarus","Navahrudak","53.6","25.83333","292"
"Belarus","Navapolatsk","55.53333","28.65","133"
"Belarus","Nyasvizh","53.21806","26.6725","179"
"Belarus","Orsha","54.51528","30.40528","174"
"Belarus","Pastavy","55.11676","26.83263","144"
"Belarus","Pinsk","52.12139","26.07278","148"
"Belarus","Polatsk","55.48556","28.80417","118"
"Belarus","Pruzhany","52.55667","24.46445","161"
"Belarus","Pyetrykaw","52.12806","28.49444","125"
"Belarus","Rakov","53.96667","27.05","200"
"Belarus","Ratomka","53.93333","27.35","237"
"Belarus","Salihorsk","52.8","27.53333","134"
"Belarus","Sharkowshchyna","55.36667","27.46667","136"
"Belarus","Shelkovo","55.43333","28.88333","117"
"Belarus","Shklow","54.21083","30.29194","141"
"Belarus","Slawharad","53.44528","30.99639","169"
"Belarus","Slonim","53.08667","25.32195","122"
"Belarus","Slutsk","53.02722","27.56195","142"
"Belarus","Smalyavichy","54.03333","28.08417","189"
"Belarus","Starobin","52.73333","27.46667","121"
"Belarus","Staryya Darohi","53.03917","28.2725","138"
"Belarus","Stolin","51.88333","26.85","109"
"Belarus","Svyetlahorsk","52.62917","29.73389","136"
"Belarus","Syanno","54.80417","29.70444","167"
"Belarus","Talachyn","54.41083","29.70333","197"
"Belarus","Valozhyn","54.08306","26.5325","211"
"Belarus","Vasilevichi","52.25","29.83333","124"
"Belarus","Vawkavysk","53.15194","24.45556","171"
"Belarus","Vilyeyka","54.4975","26.92111","149"
"Belarus","Vishnevo","54.71667","26.53333","156"
"Belarus","Vitsyebsk","55.1925","30.19444","146"
"Belarus","Vyetka","52.55917","31.18083","135"
"Belarus","Vysokoye","52.37306","23.3675","160"
"Belarus","Zaslawye","54","27.28333","211"
"Belarus","Zhabinka","52.20056","24.02333","141"
"Belarus","Zhirovichi","53.01667","25.35","121"
"Belarus","Zhlobin","52.89222","30.02806","133"
"Belarus","Zhodzina","54.09833","28.3325","181"
"Belarus","Zhytkavichy","52.22861","27.86361","129"
"Belgium","Aalst","50.93333","4.033333","17"
"Belgium","Aarschot","50.98333","4.833334","50"
"Belgium","Andenne","50.48333","5.1","140"
"Belgium","Ans","50.65","5.533333","168"
"Belgium","Antwerp","51.21667","4.416667","3"
"Belgium","Arlon","49.68333","5.816667","385"
"Belgium","Asse","50.91667","4.2","53"
"Belgium","Ath","50.62937","3.778009","32"
"Belgium","Beersel","50.76667","4.3","80"
"Belgium","Beringen","51.05","5.216667","30"
"Belgium","Beveren","51.21667","4.25","5"
"Belgium","Bilzen","50.86667","5.516667","67"
"Belgium","Binche","50.4","4.166667","148"
"Belgium","Brasschaat","51.28333","4.45","4"
"Belgium","Brecht","51.35","4.633333","23"
"Belgium","Brugge","51.20979","3.225002","3"
"Belgium","Brussels","50.8466","4.352775","48"
"Belgium","Charleroi","50.41667","4.433333","121"
"Belgium","Chatelet","50.4","4.516667","135"
"Belgium","Courcelles","50.46667","4.366667","163"
"Belgium","Deinze","50.98333","3.533333","10"
"Belgium","Dendermonde","51.03333","4.116667","3"
"Belgium","Diest","50.98342","5.050149","20"
"Belgium","Dilbeek","50.85","4.266667","68"
"Belgium","Edegem","51.15","4.45","18"
"Belgium","Evergem","51.11667","3.7","3"
"Belgium","Flemalle-Haute","50.6","5.466667","69"
"Belgium","Fleurus","50.48138","4.548769","160"
"Belgium","Geel","51.16667","5","19"
"Belgium","Genk","50.96667","5.5","81"
"Belgium","Gent","51.05","3.716667","4"
"Belgium","Geraardsbergen","50.76667","3.866667","19"
"Belgium","Grimbergen","50.93333","4.383333","42"
"Belgium","Halle","50.74102","4.232483","33"
"Belgium","Hamme","51.1","4.133333","3"
"Belgium","Harelbeke","50.85","3.3","14"
"Belgium","Hasselt","50.93333","5.333334","37"
"Belgium","Heist-op-den-Berg","51.08333","4.716667","24"
"Belgium","Herentals","51.18333","4.833334","13"
"Belgium","Herstal","50.66667","5.633333","59"
"Belgium","Hoboken","51.16667","4.35","8"
"Belgium","Ieper","50.85","2.883333","19"
"Belgium","Izegem","50.91667","3.2","15"
"Belgium","Kapellen","51.31667","4.433333","8"
"Belgium","Knokke-Heist","51.35","3.266667","5"
"Belgium","Kortrijk","50.82803","3.264871","13"
"Belgium","La Louviere","50.48657","4.187851","125"
"Belgium","Lanaken","50.88333","5.65","60"
"Belgium","Leuven","50.87959","4.700925","35"
"Belgium","Liege","50.64119","5.571785","63"
"Belgium","Lokeren","51.1","3.983333","3"
"Belgium","Lommel","51.23333","5.3","48"
"Belgium","Louvain-la-Neuve","50.66959","4.611919","131"
"Belgium","Maaseik","51.1","5.8","28"
"Belgium","Maasmechelen","50.81667","5.666667","93"
"Belgium","Maldegem","51.21667","3.45","3"
"Belgium","Manage","50.5","4.216667","150"
"Belgium","Mechelen","51.03333","4.466667","4"
"Belgium","Menen","50.8","3.116667","15"
"Belgium","Merelbeke","51","3.75","12"
"Belgium","Mol","51.18333","5.1","23"
"Belgium","Mons","50.45413","3.952289","35"
"Belgium","Mortsel","51.16667","4.466667","13"
"Belgium","Mouscron","50.73333","3.216667","40"
"Belgium","Namur","50.46667","4.866667","120"
"Belgium","Ninove","50.83333","4.016667","19"
"Belgium","Nivelles","50.6","4.333334","119"
"Belgium","Oostende","51.21667","2.916667","2"
"Belgium","Oudenaarde","50.85","3.6","10"
"Belgium","Oupeye","50.7","5.65","57"
"Belgium","Overijse","50.76667","4.533333","69"
"Belgium","Roeselare","50.94653","3.122692","19"
"Belgium","Ronse","50.75","3.6","40"
"Belgium","Saint-Ghislain","50.44816","3.818865","29"
"Belgium","Saint-Nicolas","50.63333","5.533333","140"
"Belgium","Schoten","51.25","4.5","4"
"Belgium","Seraing","50.6","5.483333","96"
"Belgium","Sint-Niklaas","51.16667","4.133333","13"
"Belgium","Sint-Pieters-Leeuw","50.78333","4.233333","39"
"Belgium","Sint-Truiden","50.8","5.2","61"
"Belgium","Soignies","50.57904","4.071293","90"
"Belgium","Temse","51.13333","4.216667","12"
"Belgium","Tienen","50.8","4.95","57"
"Belgium","Tongeren","50.78333","5.466667","88"
"Belgium","Tournai","50.6","3.383333","41"
"Belgium","Tubize","50.68333","4.2","70"
"Belgium","Turnhout","51.31667","4.95","23"
"Belgium","Verviers","50.58333","5.866667","250"
"Belgium","Vilvoorde","50.93333","4.433333","16"
"Belgium","Waregem","50.88333","3.416667","11"
"Belgium","Waterloo","50.71667","4.383333","117"
"Belgium","Wavre","50.71667","4.616667","54"
"Belgium","Westerlo","51.08333","4.916667","13"
"Belgium","Wetteren","51","3.883333","13"
"Belgium","Wevelgem","50.8","3.166667","24"
"Belgium","Willebroek","51.06667","4.366667","3"
"Belgium","Zaventem","50.88333","4.466667","51"
"Belgium","Zedelgem","51.15","3.133333","9"
"Belgium","Zottegem","50.86667","3.8","60"
"Belgium","Zwevegem","50.8","3.333333","30"
"Belize","Belize City","17.49952","-88.1976","4"
"Belize","Belmopan","17.25","-88.7667","63"
"Belize","Benque Viejo del Carmen","17.075","-89.1392","130"
"Belize","Corozal","18.38333","-88.3833","-9999"
"Belize","Dangriga","16.96667","-88.2167","1"
"Belize","Orange Walk","18.06667","-88.55","32"
"Belize","Punta Gorda","16.1","-88.8","-9999"
"Belize","San Ignacio","17.15611","-89.0714","127"
"Belize","San Pedro","17.91667","-87.95","-9999"
"Belize","Valley of Peace","17.33472","-88.8347","57"
"Benin","Abomey","7.183333","1.983333","220"
"Benin","Abomey-Calavi","6.45","2.35","55"
"Benin","Allada","6.65","2.15","78"
"Benin","Aplahoue","6.933333","1.683333","131"
"Benin","Banikoara","11.3","2.433333","304"
"Benin","Bassila","9.016667","1.666667","300"
"Benin","Bembereke","10.22889","2.665278","465"
"Benin","Beterou","9.2","2.266667","258"
"Benin","Bohicon","7.2","2.066667","180"
"Benin","Come","6.4","1.883333","64"
"Benin","Cotonou","6.35","2.433333","53"
"Benin","Cove","7.233333","2.3","71"
"Benin","Dassa-Zoume","7.75","2.183333","163"
"Benin","Djougou","9.705","1.666944","431"
"Benin","Dogbo","6.816667","1.783333","71"
"Benin","Grand-Popo","6.283333","1.833333","64"
"Benin","Kandi","11.13417","2.938611","304"
"Benin","Ketou","7.366667","2.6","117"
"Benin","Lokossa","6.633333","1.716667","65"
"Benin","Malanville","11.86139","3.385833","143"
"Benin","Natitingou","10.30667","1.375","427"
"Benin","Nikki","9.933889","3.204444","411"
"Benin","Ouidah","6.366667","2.083333","66"
"Benin","Parakou","9.35","2.616667","325"
"Benin","Pobe","6.966667","2.683333","41"
"Benin","Porto-Novo","6.483333","2.616667","39"
"Benin","Sakete","6.716667","2.666667","37"
"Benin","Savalou","7.933333","1.966667","228"
"Benin","Save","8.033333","2.483333","152"
"Benin","Tanguieta","10.61972","1.264444","274"
"Benin","Tchaourou","8.883333","2.6","304"
"Bhutan","Bhangtar","26.81667","91.71667","349"
"Bhutan","Daga","27.06667","89.88333","1464"
"Bhutan","Daifam","26.9","92.1","288"
"Bhutan","Ha","27.36667","89.28333","3056"
"Bhutan","Mongar","27.25","91.2","913"
"Bhutan","Nganglam","26.78333","91.25","133"
"Bhutan","Pajo","27.53333","89.88333","1258"
"Bhutan","Panbang","26.86667","90.98333","344"
"Bhutan","Paro","27.43333","89.41666","2281"
"Bhutan","Phuntsholing","26.85","89.38333","289"
"Bhutan","Shemgang","27.23333","90.65","1334"
"Bhutan","Tashi Yangtse","27.58333","91.46667","1941"
"Bhutan","Tashigang","27.31667","91.56667","2020"
"Bhutan","Thimphu","27.48333","89.6","2737"
"Bhutan","Tongsa","27.51667","90.5","2623"
"Bhutan","Wamrong","27.06667","91.56667","1427"
"Bolivia","Abapo","-18.8333","-63.4667","910"
"Bolivia","Achacachi","-16.05","-68.6833","3855"
"Bolivia","Aiquile","-18.1667","-65.1667","2186"
"Bolivia","Arani","-17.5667","-65.7667","2760"
"Bolivia","Ascension","-15.7","-63.0833","259"
"Bolivia","Atocha","-20.9333","-66.2333","3733"
"Bolivia","Betanzos","-19.5506","-65.4533","3325"
"Bolivia","Boyuibe","-20.4167","-63.2833","898"
"Bolivia","Buena Vista","-17.45","-63.6667","357"
"Bolivia","Camargo","-20.65","-65.2167","2698"
"Bolivia","Camiri","-20.05","-63.5167","740"
"Bolivia","Capinota","-17.7167","-66.2333","2409"
"Bolivia","Challapata","-18.9","-66.7667","3711"
"Bolivia","Charagua","-19.8","-63.2167","808"
"Bolivia","Chimore","-16.9833","-65.1333","255"
"Bolivia","Chulumani","-16.4096","-67.5263","1691"
"Bolivia","Cliza","-17.6","-65.9333","2594"
"Bolivia","Cobija","-11.0333","-68.7333","274"
"Bolivia","Cochabamba","-17.3833","-66.15","2574"
"Bolivia","Colchani","-20.3","-66.9333","3654"
"Bolivia","Colomi","-17.35","-65.8667","3443"
"Bolivia","Colquiri","-17.4167","-67.1333","4330"
"Bolivia","Comarapa","-17.9","-64.4833","1887"
"Bolivia","Concepcion","-16.4333","-60.9","582"
"Bolivia","Copacabana","-16.15","-69.0833","3949"
"Bolivia","Coripata","-16.3","-67.6","1624"
"Bolivia","Coroico","-16.1889","-67.7271","1471"
"Bolivia","Cotoca","-17.8167","-63.05","400"
"Bolivia","Entre Rios","-21.5333","-64.2","1392"
"Bolivia","Guayaramerin","-10.8","-65.3833","120"
"Bolivia","Huanuni","-18.2667","-66.85","4180"
"Bolivia","Huatajata","-16.2","-68.6833","3955"
"Bolivia","Irpa Irpa","-17.7167","-66.2667","2417"
"Bolivia","Isla del Sol","-16.0167","-69.15","3827"
"Bolivia","Jorochito","-18.05","-63.4333","601"
"Bolivia","La Belgica","-17.55","-63.2167","347"
"Bolivia","La Paz","-16.5","-68.15","3829"
"Bolivia","Lahuachaca","-17.3667","-67.6667","3906"
"Bolivia","Limoncito","-18.0167","-63.4","589"
"Bolivia","Llallagua","-18.4167","-66.6333","3877"
"Bolivia","Los Negros","-17.7333","-63.4333","477"
"Bolivia","Machacamarca","-18.1667","-67.0333","3690"
"Bolivia","Mairana","-18.1167","-63.9333","1533"
"Bolivia","Mapiri","-15.25","-68.1667","534"
"Bolivia","Mineros","-17.1167","-63.2333","254"
"Bolivia","Mizque","-17.9333","-65.3167","2012"
"Bolivia","Monteagudo","-19.8167","-63.9833","1120"
"Bolivia","Montero","-17.3333","-63.25","291"
"Bolivia","Okinawa Numero Uno","-17.2333","-62.8167","234"
"Bolivia","Oruro","-17.9833","-67.15","3972"
"Bolivia","Padilla","-19.3","-64.3","2116"
"Bolivia","Pailon","-17.65","-62.75","248"
"Bolivia","Patacamaya","-17.2333","-67.9167","3884"
"Bolivia","Poopo","-18.3667","-66.9667","3724"
"Bolivia","Portachuelo","-17.35","-63.4","298"
"Bolivia","Potosi","-19.5836","-65.7531","3975"
"Bolivia","Puerto Quijarro","-17.7833","-57.7667","94"
"Bolivia","Puesto de Pailas","-17.65","-62.8","253"
"Bolivia","Punata","-17.55","-65.8333","2553"
"Bolivia","Quime","-16.9833","-67.2167","3335"
"Bolivia","Reyes","-14.3167","-67.3833","293"
"Bolivia","Riberalta","-10.9833","-66.1","134"
"Bolivia","Robore","-18.3333","-59.75","311"
"Bolivia","Rurrenabaque","-14.4412","-67.5278","251"
"Bolivia","Samaipata","-18.15","-63.8667","1870"
"Bolivia","San Borja","-14.8167","-66.85","229"
"Bolivia","San Carlos","-17.4","-63.75","311"
"Bolivia","San Ignacio de Velasco","-16.3667","-60.95","563"
"Bolivia","San Juan del Surutu","-17.4833","-63.7","355"
"Bolivia","San Julian","-17.7833","-62.8667","302"
"Bolivia","San Matias","-16.3667","-58.4","172"
"Bolivia","San Pablo","-16.2167","-68.8333","3823"
"Bolivia","San Pedro","-16.2333","-68.85","3823"
"Bolivia","San Pedro","-18.2833","-59.8167","307"
"Bolivia","San Ramon","-14.4833","-63.15","235"
"Bolivia","San Ramon","-13.2833","-64.7167","198"
"Bolivia","Santa Barbara","-20.9167","-66.05","4824"
"Bolivia","Santa Cruz de la Sierra","-17.8","-63.1667","439"
"Bolivia","Santa Rita","-17.9667","-63.35","600"
"Bolivia","Santa Rosa","-14.1667","-66.8833","208"
"Bolivia","Santiago del Torno","-17.9833","-63.3833","556"
"Bolivia","Sipe Sipe","-17.45","-66.3833","2686"
"Bolivia","Sorata","-15.7667","-68.6333","4391"
"Bolivia","Sucre","-19.0431","-65.2592","2759"
"Bolivia","Tarabuco","-19.1667","-64.9167","3294"
"Bolivia","Tarata","-17.6167","-66.0167","2775"
"Bolivia","Tarija","-21.5355","-64.7296","2135"
"Bolivia","Tiahuanaco","-16.55","-68.7","3846"
"Bolivia","Tomas Barron","-17.5833","-67.5167","3770"
"Bolivia","Trinidad","-14.8333","-64.9","155"
"Bolivia","Tupiza","-21.45","-65.7167","3097"
"Bolivia","Urubicha","-15.3833","-62.95","245"
"Bolivia","Uyuni","-20.4667","-66.8333","3650"
"Bolivia","Vallegrande","-18.4897","-64.1069","1985"
"Bolivia","Villa Yapacani","-17.4","-63.8333","286"
"Bolivia","Villamontes","-21.25","-63.5","440"
"Bolivia","Villazon","-22.1","-65.6","3408"
"Bolivia","Viloco","-16.95","-67.55","3991"
"Bolivia","Warnes","-17.5","-63.1667","331"
"Bolivia","Yacuiba","-22.0333","-63.6833","858"
"Bosnia and Herzegovina","Banja Luka","44.77583","17.18556","158"
"Bosnia and Herzegovina","Banovici","44.40528","18.52417","368"
"Bosnia and Herzegovina","Bihac","44.81694","15.87083","218"
"Bosnia and Herzegovina","Bijeljina","44.75694","19.21611","91"
"Bosnia and Herzegovina","Bileca","42.87194","18.42972","522"
"Bosnia and Herzegovina","Blatnica","44.48639","17.82333","446"
"Bosnia and Herzegovina","Bosanska Dubica","45.17667","16.80944","104"
"Bosnia and Herzegovina","Bosanska Gradiska","45.14111","17.25","94"
"Bosnia and Herzegovina","Bosanska Krupa","44.8825","16.15139","151"
"Bosnia and Herzegovina","Bosanski Brod","45.1375","17.98972","82"
"Bosnia and Herzegovina","Bosanski Novi","45.04583","16.38028","179"
"Bosnia and Herzegovina","Brcko","44.87278","18.80833","93"
"Bosnia and Herzegovina","Bugojno","44.05722","17.45083","549"
"Bosnia and Herzegovina","Buzim","45.05472","16.03194","274"
"Bosnia and Herzegovina","Capljina","43.12139","17.68444","118"
"Bosnia and Herzegovina","Cazin","44.96694","15.94306","424"
"Bosnia and Herzegovina","Celinac","44.72278","17.32778","237"
"Bosnia and Herzegovina","Citluk","43.22861","17.70083","242"
"Bosnia and Herzegovina","Crnici","43.12889","17.86667","211"
"Bosnia and Herzegovina","Derventa","44.97722","17.91028","122"
"Bosnia and Herzegovina","Divicani","44.36667","17.32611","558"
"Bosnia and Herzegovina","Doboj","44.73472","18.08778","140"
"Bosnia and Herzegovina","Donji Vakuf","44.14361","17.4","563"
"Bosnia and Herzegovina","Foca","43.505","18.77861","443"
"Bosnia and Herzegovina","Fojnica","43.9625","17.89833","583"
"Bosnia and Herzegovina","Gorazde","43.66694","18.97639","343"
"Bosnia and Herzegovina","Gornji Vakuf","43.93806","17.58833","694"
"Bosnia and Herzegovina","Gostovici","44.415","18.15833","305"
"Bosnia and Herzegovina","Gracanica","44.70333","18.30972","277"
"Bosnia and Herzegovina","Gradacac","44.88083","18.42694","165"
"Bosnia and Herzegovina","Gromiljak","43.96667","18.05305","503"
"Bosnia and Herzegovina","Hadzici","43.82222","18.20667","584"
"Bosnia and Herzegovina","Ilijas","43.95083","18.27083","467"
"Bosnia and Herzegovina","Jablanica","43.66028","17.76167","279"
"Bosnia and Herzegovina","Jajce","44.34222","17.26556","420"
"Bosnia and Herzegovina","Kakanj","44.12722","18.11806","461"
"Bosnia and Herzegovina","Kalenderovci Donji","44.945","17.83389","148"
"Bosnia and Herzegovina","Kiseljak","43.9425","18.07667","509"
"Bosnia and Herzegovina","Kladanj","44.22639","18.69139","567"
"Bosnia and Herzegovina","Kljuc","44.535","16.77222","314"
"Bosnia and Herzegovina","Konjic","43.65194","17.96139","408"
"Bosnia and Herzegovina","Kovaci","44.44917","18.205","273"
"Bosnia and Herzegovina","Laktasi","44.90806","17.30083","121"
"Bosnia and Herzegovina","Livno","43.82694","17.00778","815"
"Bosnia and Herzegovina","Ljubuski","43.19694","17.545","111"
"Bosnia and Herzegovina","Maglaj","44.54917","18.09667","216"
"Bosnia and Herzegovina","Mala Kladusa","45.13417","15.85861","206"
"Bosnia and Herzegovina","Milici","44.17111","19.09028","390"
"Bosnia and Herzegovina","Mionica","44.86722","18.46305","167"
"Bosnia and Herzegovina","Mostar","43.34333","17.80806","55"
"Bosnia and Herzegovina","Mrkonjic Grad","44.41583","17.08611","573"
"Bosnia and Herzegovina","Nevesinje","43.25861","18.11333","871"
"Bosnia and Herzegovina","Novi Travnik","44.17111","17.6575","518"
"Bosnia and Herzegovina","Odzak","45.01111","18.32667","94"
"Bosnia and Herzegovina","Omarska","44.89","16.89917","156"
"Bosnia and Herzegovina","Otoka","44.96","16.17917","138"
"Bosnia and Herzegovina","Pale","43.81611","18.56944","845"
"Bosnia and Herzegovina","Pecigrad","45.05444","15.89694","316"
"Bosnia and Herzegovina","Podhum","43.72306","17.00111","774"
"Bosnia and Herzegovina","Podzvizd","45.17417","15.87361","226"
"Bosnia and Herzegovina","Potoci","43.40861","17.87861","111"
"Bosnia and Herzegovina","Prijedor","44.98139","16.71305","134"
"Bosnia and Herzegovina","Prnjavor","44.87028","17.66278","174"
"Bosnia and Herzegovina","Prozor","43.82222","17.60917","746"
"Bosnia and Herzegovina","Sanski Most","44.76528","16.66556","161"
"Bosnia and Herzegovina","Sarajevo","43.85","18.38333","545"
"Bosnia and Herzegovina","Sekovici","44.29861","18.85278","328"
"Bosnia and Herzegovina","Sipovo","44.28139","17.08389","447"
"Bosnia and Herzegovina","Siroki Brijeg","43.38333","17.59278","313"
"Bosnia and Herzegovina","Skender Vakuf","44.49083","17.3775","881"
"Bosnia and Herzegovina","Sokolac","43.93972","18.80167","891"
"Bosnia and Herzegovina","Srbac","45.09778","17.525","132"
"Bosnia and Herzegovina","Srebrenik","44.70778","18.48806","196"
"Bosnia and Herzegovina","Stijena","44.93528","16.01722","416"
"Bosnia and Herzegovina","Stolac","43.08444","17.9575","137"
"Bosnia and Herzegovina","Tesanj","44.61167","17.98722","271"
"Bosnia and Herzegovina","Tesanjka","44.67306","18.01278","193"
"Bosnia and Herzegovina","Teslic","44.60639","17.85972","213"
"Bosnia and Herzegovina","Todorovo","45.08833","15.93083","301"
"Bosnia and Herzegovina","Tojsici","44.50111","18.78555","386"
"Bosnia and Herzegovina","Tomislavgrad","43.71806","17.22667","884"
"Bosnia and Herzegovina","Travnik","44.22667","17.67056","575"
"Bosnia and Herzegovina","Trebinje","42.71194","18.34417","283"
"Bosnia and Herzegovina","Trn","44.85972","17.23639","136"
"Bosnia and Herzegovina","Trzacka Rastela","44.97333","15.79028","268"
"Bosnia and Herzegovina","Tuzla","44.54278","18.66945","274"
"Bosnia and Herzegovina","Vares","44.16444","18.32833","1019"
"Bosnia and Herzegovina","Varoska Rijeka","45.08472","16.01417","213"
"Bosnia and Herzegovina","Velika Kladusa","45.18944","15.81167","141"
"Bosnia and Herzegovina","Visegrad","43.78472","19.29917","389"
"Bosnia and Herzegovina","Visoko","43.98889","18.17805","417"
"Bosnia and Herzegovina","Vitez","44.15444","17.79028","406"
"Bosnia and Herzegovina","Vogosca","43.90194","18.34805","549"
"Bosnia and Herzegovina","Vrnograc","45.16361","15.95361","191"
"Bosnia and Herzegovina","Zavidovici","44.44583","18.14972","217"
"Bosnia and Herzegovina","Zeljezno Polje","44.40833","17.93194","518"
"Bosnia and Herzegovina","Zenica","44.20139","17.90639","317"
"Bosnia and Herzegovina","Zepce","44.42667","18.03778","232"
"Bosnia and Herzegovina","Zivinice","44.44944","18.64972","210"
"Bosnia and Herzegovina","Zvornik","44.38694","19.10139","239"
"Brazil","Ananindeua","-1.36556","-48.3722","12"
"Brazil","Anapolis","-16.3267","-48.9528","917"
"Brazil","Aracaju","-10.9111","-37.0717","5"
"Brazil","Barueri","-23.5106","-46.8761","647"
"Brazil","Bauru","-22.3147","-49.0606","534"
"Brazil","Belem","-1.45583","-48.5044","1"
"Brazil","Belford Roxo","-22.7642","-43.3994","26"
"Brazil","Belo Horizonte","-19.9208","-43.9378","877"
"Brazil","Betim","-19.9678","-44.1983","800"
"Brazil","Blumenau","-26.9194","-49.0661","136"
"Brazil","Boa Vista","2.819722","-60.6733","76"
"Brazil","Brasilia","-15.7797","-47.9297","1092"
"Brazil","Campina Grande","-7.23056","-35.8811","445"
"Brazil","Campinas","-22.9056","-47.0608","670"
"Brazil","Campo Grande","-20.4428","-54.6464","602"
"Brazil","Campos","-21.75","-41.3","1"
"Brazil","Canoas","-29.9178","-51.1836","19"
"Brazil","Carapicuiba","-23.5225","-46.8356","630"
"Brazil","Caruaru","-8.28333","-35.9761","494"
"Brazil","Cascavel","-24.9558","-53.4553","647"
"Brazil","Caucaia","-3.73611","-38.6531","20"
"Brazil","Caxias do Sul","-29.1681","-51.1794","737"
"Brazil","Contagem","-19.9317","-44.0536","878"
"Brazil","Cuiaba","-15.5961","-56.0967","173"
"Brazil","Curitiba","-25.4278","-49.2731","913"
"Brazil","Diadema","-23.6861","-46.6228","723"
"Brazil","Duque de Caxias","-22.7856","-43.3117","7"
"Brazil","Feira de Santana","-12.2667","-38.9667","166"
"Brazil","Florianopolis","-27.5967","-48.5492","149"
"Brazil","Fortaleza","-3.71722","-38.5431","1"
"Brazil","Foz do Iguacu","-25.5478","-54.5881","174"
"Brazil","Franca","-20.5386","-47.4008","920"
"Brazil","Goiania","-16.6786","-49.2539","790"
"Brazil","Governador Valadares","-18.8511","-41.9494","132"
"Brazil","Gravatai","-29.9444","-50.9919","75"
"Brazil","Guaruja","-23.9931","-46.2564","1"
"Brazil","Guarulhos","-23.4628","-46.5333","704"
"Brazil","Ipatinga","-19.4683","-42.5367","213"
"Brazil","Itaquaquecetuba","-23.4861","-46.3483","674"
"Brazil","Jaboatao","-8.18028","-35.0014","62"
"Brazil","Jaboatao dos Guararapes","-8.11278","-35.0147","12"
"Brazil","Joao Pessoa","-7.115","-34.8631","3"
"Brazil","Joinville","-26.3044","-48.8456","167"
"Brazil","Juazeiro do Norte","-7.21306","-39.3153","590"
"Brazil","Juiz de Fora","-21.7642","-43.3503","678"
"Brazil","Jundiai","-23.1864","-46.8842","1006"
"Brazil","Limeira","-22.5647","-47.4017","610"
"Brazil","Londrina","-23.3103","-51.1628","563"
"Brazil","Macapa","0.038889","-51.0664","1"
"Brazil","Maceio","-9.66583","-35.7353","1"
"Brazil","Manaus","-3.10194","-60.025","37"
"Brazil","Maringa","-23.4253","-51.9386","444"
"Brazil","Maua","-23.6678","-46.4614","763"
"Brazil","Moji das Cruzes","-23.5228","-46.1883","710"
"Brazil","Montes Claros","-16.735","-43.8617","750"
"Brazil","Natal","-5.795","-35.2094","2"
"Brazil","Niteroi","-22.8833","-43.1036","8"
"Brazil","Nova Iguacu","-22.7592","-43.4511","154"
"Brazil","Novo Hamburgo","-29.6783","-51.1306","97"
"Brazil","Olinda","-8.00889","-34.8553","2"
"Brazil","Osasco","-23.5325","-46.7917","633"
"Brazil","Paulista","-7.94083","-34.8731","23"
"Brazil","Pelotas","-31.7719","-52.3425","7"
"Brazil","Petropolis","-22.505","-43.1786","883"
"Brazil","Piracicaba","-22.7253","-47.6492","532"
"Brazil","Ponta Grossa","-25.095","-50.1619","913"
"Brazil","Porto Alegre","-30.0331","-51.23","1"
"Brazil","Porto Velho","-8.76194","-63.9039","86"
"Brazil","Praia Grande","-24.0058","-46.4028","8"
"Brazil","Recife","-8.05389","-34.8811","1"
"Brazil","Ribeirao das Neves","-19.7669","-44.0867","905"
"Brazil","Ribeirao Preto","-21.1775","-47.8103","593"
"Brazil","Rio Branco","-9.97472","-67.81","157"
"Brazil","Rio de Janeiro","-22.9028","-43.2075","19"
"Brazil","Salvador","-12.9711","-38.5108","1"
"Brazil","Santa Luzia","-19.7697","-43.8514","807"
"Brazil","Santa Maria","-29.6842","-53.8069","136"
"Brazil","Santo Andre","-23.6639","-46.5383","765"
"Brazil","Santos","-23.9608","-46.3336","2"
"Brazil","Sao Bernardo do Campo","-23.6939","-46.565","760"
"Brazil","Sao Joao de Meriti","-22.8039","-43.3722","27"
"Brazil","Sao Jose do Rio Preto","-20.8197","-49.3794","457"
"Brazil","Sao Jose dos Campos","-23.1794","-45.8869","572"
"Brazil","Sao Luis","-2.52972","-44.3028","1"
"Brazil","Sao Paulo","-23.5475","-46.6361","631"
"Brazil","Sao Vicente","-23.9631","-46.3919","1"
"Brazil","Serra","-20.1286","-40.3078","70"
"Brazil","Sorocaba","-23.5017","-47.4581","601"
"Brazil","Sumare","-22.8219","-47.2669","610"
"Brazil","Suzano","-23.5425","-46.3108","704"
"Brazil","Taubate","-23.0264","-45.5553","578"
"Brazil","Teresina","-5.08917","-42.8019","58"
"Brazil","Uberaba","-19.7483","-47.9319","750"
"Brazil","Uberlandia","-18.9186","-48.2772","690"
"Brazil","Varzea Grande","-15.6467","-56.1325","142"
"Brazil","Viamao","-30.0811","-51.0233","51"
"Brazil","Vila Velha","-20.3297","-40.2925","1"
"Brazil","Vitoria","-20.3194","-40.3378","12"
"Brazil","Vitoria da Conquista","-14.8661","-40.8394","947"
"Brazil","Volta Redonda","-22.5231","-44.1042","279"
"Brunei","Bandar Seri Begawan","4.883333","114.9333","1"
"Brunei","Bangar","4.716667","115.0667","45"
"Brunei","Kuala Belait","4.583333","114.1833","1"
"Brunei","Seria","4.616667","114.3167","1"
"Brunei","Tutong","4.8","114.65","1"
"Bulgaria","Asenovgrad","42.01667","24.86667","253"
"Bulgaria","Aytos","42.7","27.25","96"
"Bulgaria","Balchik","43.41667","28.16667","185"
"Bulgaria","Bansko","41.8383","23.48851","916"
"Bulgaria","Belene","43.65","25.11667","28"
"Bulgaria","Beloslav","43.18333","27.7","75"
"Bulgaria","Berkovitsa","43.23611","23.12583","369"
"Bulgaria","Blagoevgrad","42.01667","23.1","523"
"Bulgaria","Botevgrad","42.9","23.78333","410"
"Bulgaria","Burgas","42.5","27.46667","31"
"Bulgaria","Byala Slatina","43.46667","23.93333","112"
"Bulgaria","Cherven Bryag","43.26667","24.1","166"
"Bulgaria","Chirpan","42.2","25.33333","183"
"Bulgaria","Devin","41.74327","24.40003","884"
"Bulgaria","Devnya","43.22222","27.56944","49"
"Bulgaria","Dimitrovgrad","42.05","25.6","126"
"Bulgaria","Dobrich","43.56667","27.83333","210"
"Bulgaria","Dryanovo","42.97897","25.4785","285"
"Bulgaria","Dupnitsa","42.26667","23.11667","522"
"Bulgaria","Elkhovo","42.16667","26.56667","107"
"Bulgaria","Etropole","42.83333","24","619"
"Bulgaria","Gabrovo","41.89278","22.935","812"
"Bulgaria","Gabrovo","42.87472","25.33417","604"
"Bulgaria","General-Toshevo","43.7","28.03333","235"
"Bulgaria","Gotse Delchev","41.56667","23.73333","532"
"Bulgaria","Ikhtiman","42.43333","23.81667","659"
"Bulgaria","Isperikh","43.71667","26.83333","253"
"Bulgaria","Karlovo","42.63333","24.8","387"
"Bulgaria","Karnobat","42.65","26.98333","219"
"Bulgaria","Kavarna","43.43333","28.33333","140"
"Bulgaria","Kazanluk","42.61667","25.4","388"
"Bulgaria","Kharmanli","41.93333","25.9","61"
"Bulgaria","Khaskovo","41.94028","25.56944","197"
"Bulgaria","Khisarya","42.5","24.7","347"
"Bulgaria","Kostinbrod","42.81667","23.21667","556"
"Bulgaria","Kozloduy","43.78333","23.73333","31"
"Bulgaria","Krichim","42.05","24.46667","254"
"Bulgaria","Kubrat","43.8","26.5","202"
"Bulgaria","Kyustendil","42.28389","22.69111","482"
"Bulgaria","Levski","43.36667","25.13333","55"
"Bulgaria","Lom","43.81389","23.23611","21"
"Bulgaria","Lovech","43.13333","24.71667","201"
"Bulgaria","Lukovit","43.2","24.16667","172"
"Bulgaria","Lyaskovets","43.11111","25.72833","138"
"Bulgaria","Lyubimets","41.83333","26.08333","63"
"Bulgaria","Mezdra","43.15","23.7","215"
"Bulgaria","Montana","43.4125","23.225","139"
"Bulgaria","Nova Zagora","42.48333","26.01667","127"
"Bulgaria","Novi Pazar","43.35","27.2","157"
"Bulgaria","Omurtag","43.1","26.41667","526"
"Bulgaria","Panagyurishte","42.5","24.18333","535"
"Bulgaria","Pavlikeni","43.24278","25.32195","179"
"Bulgaria","Pazardzhik","42.2","24.33333","219"
"Bulgaria","Pernik","42.6","23.03333","751"
"Bulgaria","Peshtera","42.03333","24.3","433"
"Bulgaria","Petrich","41.4","23.21667","168"
"Bulgaria","Pirdop","42.7","24.18333","693"
"Bulgaria","Pleven","43.41667","24.61667","97"
"Bulgaria","Plovdiv","42.15","24.75","165"
"Bulgaria","Pomorie","42.55","27.65","-9999"
"Bulgaria","Popovo","43.35","26.23333","207"
"Bulgaria","Provadiya","43.18333","27.43333","89"
"Bulgaria","Radnevo","42.3","25.93333","106"
"Bulgaria","Radomir","42.54444","22.95778","661"
"Bulgaria","Rakitovo","41.98333","24.08333","849"
"Bulgaria","Rakovski","42.3","24.96667","181"
"Bulgaria","Razgrad","43.53333","26.51667","190"
"Bulgaria","Razlog","41.8863","23.46714","812"
"Bulgaria","Ruse","43.85639","25.97083","30"
"Bulgaria","Samokov","42.33333","23.55","961"
"Bulgaria","Sandanski","41.56667","23.28333","257"
"Bulgaria","Septemvri","42.21667","24.1","238"
"Bulgaria","Sevlievo","43.02583","25.11361","213"
"Bulgaria","Shumen","43.27064","26.92286","228"
"Bulgaria","Silistra","44.11667","27.26667","1"
"Bulgaria","Simeonovgrad","42.03333","25.83333","80"
"Bulgaria","Sliven","42.68583","26.32917","281"
"Bulgaria","Slivnitsa","42.85","23.03333","613"
"Bulgaria","Smolyan","41.58528","24.69194","1131"
"Bulgaria","Sofia","42.69751","23.32415","558"
"Bulgaria","Sredets","42.34889","27.19417","47"
"Bulgaria","Stamboliyski","42.13333","24.53333","185"
"Bulgaria","Stara Zagora","42.43278","25.64194","197"
"Bulgaria","Svilengrad","41.76667","26.2","51"
"Bulgaria","Svishtov","43.62306","25.35389","1"
"Bulgaria","Svoge","42.96667","23.35","669"
"Bulgaria","Teteven","42.91667","24.26667","637"
"Bulgaria","Tonchevtsi","42.9","25.31667","441"
"Bulgaria","Troyan","42.89427","24.71589","398"
"Bulgaria","Tryavna","42.86667","25.5","504"
"Bulgaria","Turgovishte","43.25917","26.58917","140"
"Bulgaria","Tutrakan","44.05","26.61667","108"
"Bulgaria","Varna","43.21667","27.91667","95"
"Bulgaria","Veliki Preslav","43.16667","26.81667","102"
"Bulgaria","Veliko Turnovo","43.08124","25.62904","162"
"Bulgaria","Velingrad","42.01667","24","755"
"Bulgaria","Vidin","43.99","22.8725","35"
"Bulgaria","Vratsa","43.21","23.5625","341"
"Bulgaria","Vurshets","43.19528","23.28611","408"
"Bulgaria","Yambol","42.48333","26.5","115"
