"Nepa","Baglung","28.26667","83.6","948"
"Nepa","Banepa","27.63333","85.51667","1439"
"Nepa","Bhadrapur","26.53333","88.08334","101"
"Nepa","Bhairahawa","27.5","83.45","88"
"Nepa","Bhaktapur","27.66734","85.41673","1319"
"Nepa","Bharatpur","27.68333","84.43333","203"
"Nepa","Biratnagar","26.48333","87.28333","70"
"Nepa","Birganj","27","84.86667","67"
"Nepa","Butwal","27.7","83.45","150"
"Nepa","Dadeldhura","29.3","80.58334","1699"
"Nepa","Dailekh","28.83333","81.73333","1090"
"Nepa","Darchula","29.85","80.55","977"
"Nepa","Dhangarhi","28.68333","80.6","165"
"Nepa","Dhankuta","26.98333","87.33334","960"
"Nepa","Dharan Bazar","26.81667","87.28333","366"
"Nepa","Gaur","26.76667","85.26667","67"
"Nepa","Gulariya","28.23333","81.33334","143"
"Nepa","Hetauda","27.41667","85.03333","459"
"Nepa","Ilam","26.9","87.93333","670"
"Nepa","Ithari","26.66667","87.28333","107"
"Nepa","Jaleswar","26.63333","85.8","54"
"Nepa","Janakpur","26.7","85.91666","66"
"Nepa","Jumla","29.28333","82.16666","2663"
"Nepa","Kathmandu","27.71667","85.31667","1304"
"Nepa","Khandbari","27.36667","87.21667","833"
"Nepa","Kirtipur","27.66667","85.28333","1342"
"Nepa","Kodari","27.96667","85.93333","3187"
"Nepa","Lahan","26.71667","86.48333","111"
"Nepa","Mahendranagar","28.91667","80.33334","199"
"Nepa","Malangwa","26.86667","85.56667","81"
"Nepa","Panaoti","27.58333","85.51667","1437"
"Nepa","Patan","27.66667","85.33334","1309"
"Nepa","Pokhara","28.23333","83.98333","922"
"Nepa","Rajbiraj","26.53333","86.75","76"
"Nepa","Siraha","26.65","86.2","65"
"Nepa","Tikapur","28.5","81.13333","152"
"Nepa","Tulsipur","28.13333","82.3","685"
"Nepa","Waling","27.98333","83.76667","804"
"Netherlands","Alkmaar","52.63167","4.748611","-2"
"Netherlands","Almelo","52.35667","6.6625","12"
"Netherlands","Almere Stad","52.37025","5.214129","-3"
"Netherlands","Alphen aan den Rijn","52.12917","4.655457","-2"
"Netherlands","Amersfoort","52.155","5.3875","4"
"Netherlands","Amstelveen","52.30083","4.863889","-5"
"Netherlands","Amsterdam","52.37308","4.899902","-2"
"Netherlands","Amsterdam-Zuidoost","52.3075","4.972222","-2"
"Netherlands","Apeldoorn","52.21","5.969444","12"
"Netherlands","Arnhem","51.98","5.911111","13"
"Netherlands","Assen","52.99667","6.5625","10"
"Netherlands","Barendrecht","51.85667","4.534722","-1"
"Netherlands","Bergen op Zoom","51.495","4.291667","7"
"Netherlands","Beverwijk","52.48333","4.656944","1"
"Netherlands","Born","51.03167","5.809722","35"
"Netherlands","Breda","51.58656","4.775963","3"
"Netherlands","Capelle-West","51.91667","4.566667","-3"
"Netherlands","Castricum","52.54833","4.669444","1"
"Netherlands","Coevorden","52.6625","6.741667","10"
"Netherlands","De Bilt","52.11","5.180556","2"
"Netherlands","Delft","52.00667","4.355556","-2"
"Netherlands","Den Helder","52.95333","4.759722","2"
"Netherlands","Deventer","52.255","6.163889","5"
"Netherlands","Doetinchem","51.965","6.288889","13"
"Netherlands","Dordrecht","51.81","4.673611","1"
"Netherlands","Drachten","53.1","6.1","2"
"Netherlands","Dronten","52.525","5.718056","-3"
"Netherlands","Ede","52.03333","5.658333","18"
"Netherlands","Eindhoven","51.44083","5.477778","19"
"Netherlands","Emmeloord","52.71083","5.748611","-3"
"Netherlands","Emmen","52.77917","6.906944","20"
"Netherlands","Enschede","52.21833","6.895833","45"
"Netherlands","Epe","52.3475","5.983333","12"
"Netherlands","Goes","51.50417","3.888889","1"
"Netherlands","Gorinchem","51.8325","4.975","1"
"Netherlands","Gouda","52.01667","4.708333","-2"
"Netherlands","Groningen","53.21917","6.566667","1"
"Netherlands","Haarlem","52.38084","4.636831","1"
"Netherlands","Hardenberg","52.57583","6.619444","10"
"Netherlands","Harderwijk","52.34167","5.620833","3"
"Netherlands","Heemskerk","52.51667","4.666667","1"
"Netherlands","Heerenveen","52.95929","5.918541","1"
"Netherlands","Heerhugowaard","52.66667","4.85","-2"
"Netherlands","Heerlen","50.88365","5.981541","130"
"Netherlands","Hilversum","52.22333","5.176389","5"
"Netherlands","Hoofddorp","52.3025","4.688889","-5"
"Netherlands","Hoogeveen","52.7225","6.476389","11"
"Netherlands","Hoorn","52.6425","5.059722","-1"
"Netherlands","IJsselstein","52.02","5.043056","1"
"Netherlands","Kampen","52.555","5.911111","1"
"Netherlands","Katwijk","51.75","5.870833","10"
"Netherlands","Kerkrade","50.86583","6.0625","160"
"Netherlands","Leeuwarden","53.2","5.783333","1"
"Netherlands","Leiden","52.15833","4.493056","-1"
"Netherlands","Lelystad","52.50833","5.475","-4"
"Netherlands","Maarssen","52.13917","5.041667","1"
"Netherlands","Maassluis","51.92333","4.25","1"
"Netherlands","Maastricht","50.84833","5.688889","64"
"Netherlands","Middelburg","51.5","3.613889","1"
"Netherlands","Mijdrecht","52.20667","4.8625","-5"
"Netherlands","Nieuwegein","52.02917","5.080556","1"
"Netherlands","Nijkerk","52.22","5.486111","3"
"Netherlands","Nijmegen","51.8425","5.852778","13"
"Netherlands","Oosterhout","51.645","4.859722","3"
"Netherlands","Oss","51.765","5.518056","6"
"Netherlands","Purmerend","52.505","4.959722","-2"
"Netherlands","Rheden","52.005","6.029167","14"
"Netherlands","Ridderkerk","51.8725","4.602778","1"
"Netherlands","Rijswijk","52.03634","4.325008","1"
"Netherlands","Roermond","51.19417","5.9875","21"
"Netherlands","Roosendaal","51.53083","4.465278","5"
"Netherlands","Rotterdam","51.9225","4.479167","-4"
"Netherlands","Schiedam","51.91917","4.388889","-1"
"Netherlands","Sittard","50.99833","5.869444","53"
"Netherlands","Sneek","53.03333","5.666667","-1"
"Netherlands","Soest","52.17333","5.291667","13"
"Netherlands","Spijkenisse","51.845","4.329167","-2"
"Netherlands","The Hague","52.07667","4.298611","1"
"Netherlands","Tiel","51.88667","5.429167","5"
"Netherlands","Tilburg","51.55551","5.091305","13"
"Netherlands","Uden","51.66083","5.619444","18"
"Netherlands","Utrecht","52.09083","5.122222","1"
"Netherlands","Veenendaal","52.02863","5.55891","6"
"Netherlands","Velsen-Zuid","52.46","4.65","1"
"Netherlands","Venlo","51.37","6.168056","22"
"Netherlands","Venray","51.525","5.975","25"
"Netherlands","Vlaardingen","51.9125","4.341667","1"
"Netherlands","Vlissingen","51.4425","3.573611","-9999"
"Netherlands","Waalwijk","51.6825","5.070833","3"
"Netherlands","Wageningen","51.97","5.666667","25"
"Netherlands","Weert","51.25167","5.706944","31"
"Netherlands","Woerden","52.085","4.883333","1"
"Netherlands","Zaandam","52.44","4.825","-1"
"Netherlands","Zaanstad","52.45","4.833334","-2"
"Netherlands","Zeist","52.09","5.233333","4"
"Netherlands","Zoetermeer","52.0575","4.493056","-4"
"Netherlands","Zutphen","52.13833","6.201389","7"
"Netherlands","Zwijndrecht","51.8175","4.633333","-1"
"Netherlands","Zwolle","52.5125","6.094444","1"
"New Zealand","Amberley","-43.1667","172.7333","40"
"New Zealand","Auckland","-36.8667","174.7667","26"
"New Zealand","Balclutha","-46.2339","169.75","55"
"New Zealand","Blenheim","-41.516","173.9528","6"
"New Zealand","Bluff","-46.6","168.3333","1"
"New Zealand","Brightwater","-41.3833","173.1167","8"
"New Zealand","Bulls","-40.1667","175.3833","67"
"New Zealand","Burnham","-43.6167","172.3167","66"
"New Zealand","Christchurch","-43.5333","172.6333","7"
"New Zealand","Coromandel","-36.7667","175.5","50"
"New Zealand","Darfield","-43.4833","172.1167","212"
"New Zealand","Dargaville","-35.9333","173.8833","17"
"New Zealand","Dunedin","-45.8742","170.5036","94"
"New Zealand","Edgecumbe","-37.9833","176.8333","3"
"New Zealand","Eltham","-39.4292","174.3","233"
"New Zealand","Foxton","-40.4667","175.3","15"
"New Zealand","Gisborne","-38.6533","178.0042","19"
"New Zealand","Gore","-46.1028","168.9436","78"
"New Zealand","Greymouth","-42.4667","171.2","43"
"New Zealand","Hamilton","-37.7833","175.2833","28"
"New Zealand","Hastings","-39.6381","176.8492","11"
"New Zealand","Hawera","-39.5917","174.2833","86"
"New Zealand","Hokitika","-42.7167","170.9667","4"
"New Zealand","Invercargill","-46.4","168.35","9"
"New Zealand","Katikati","-37.55","175.9167","3"
"New Zealand","Kawakawa","-35.3833","174.0667","101"
"New Zealand","Kawerau","-38.1","176.7","38"
"New Zealand","Kerikeri","-35.2167","173.9667","18"
"New Zealand","Leeston","-43.7667","172.3","20"
"New Zealand","Levin","-40.6333","175.275","24"
"New Zealand","Lincoln","-43.65","172.4833","14"
"New Zealand","Lower Hutt","-41.2167","174.9167","15"
"New Zealand","Manakau","-40.7167","175.2167","48"
"New Zealand","Mapua","-41.25","173.1","-9999"
"New Zealand","Masterton","-40.9597","175.6575","121"
"New Zealand","Methven","-43.6333","171.65","324"
"New Zealand","Milton","-46.1208","169.9695","21"
"New Zealand","Moerewa","-35.3833","174.0333","142"
"New Zealand","Motueka","-41.1333","173.0167","3"
"New Zealand","Muriwai Beach","-36.8167","174.45","70"
"New Zealand","Murupara","-38.4667","176.7","182"
"New Zealand","Napier","-39.4833","176.9167","-9999"
"New Zealand","New Plymouth","-39.0667","174.0833","27"
"New Zealand","Ngatea","-37.2833","175.5","3"
"New Zealand","Ngunguru","-35.6167","174.5","77"
"New Zealand","North Shore","-36.8","174.75","8"
"New Zealand","Oamaru","-45.0784","170.9801","49"
"New Zealand","Opotiki","-38.0833","177.2833","10"
"New Zealand","Opunake","-39.4556","173.8583","43"
"New Zealand","Otaki","-40.7583","175.15","28"
"New Zealand","Otorohanga","-38.1833","175.2","45"
"New Zealand","Oxford","-43.3","172.1833","256"
"New Zealand","Paeroa","-37.3667","175.6667","22"
"New Zealand","Paihia","-35.2833","174.0833","5"
"New Zealand","Palmerston North","-40.35","175.6167","30"
"New Zealand","Parakai","-36.65","174.4333","4"
"New Zealand","Patea","-39.7583","174.4833","39"
"New Zealand","Picton","-41.2883","174.0102","13"
"New Zealand","Pleasant Point","-44.2667","171.1333","68"
"New Zealand","Porirua","-41.1333","174.85","27"
"New Zealand","Pukekohe East","-37.2","174.95","141"
"New Zealand","Queenstown","-45.0302","168.6627","520"
"New Zealand","Raglan","-37.8","174.8833","10"
"New Zealand","Riverton","-46.35","168.0167","16"
"New Zealand","Rolleston","-43.5833","172.3833","69"
"New Zealand","Rotorua","-38.1387","176.2452","269"
"New Zealand","Taipa","-34.9833","173.4667","-9999"
"New Zealand","Tairua","-37.0167","175.85","10"
"New Zealand","Takaka","-40.85","172.8","44"
"New Zealand","Taupo","-38.6833","176.0833","384"
"New Zealand","Tauranga","-37.6861","176.1667","1"
"New Zealand","Te Anau","-45.4167","167.7167","213"
"New Zealand","Te Kauwhata","-37.4","175.15","24"
"New Zealand","Thames","-37.1333","175.5333","157"
"New Zealand","Timaru","-44.4","171.25","1"
"New Zealand","Tokoroa","-38.2333","175.8667","326"
"New Zealand","Turangi","-39","175.9333","536"
"New Zealand","Upper Hutt","-41.1383","175.0502","57"
"New Zealand","Waihi","-37.3833","175.8333","326"
"New Zealand","Waihi Beach","-37.4","175.9333","175"
"New Zealand","Waimate North","-35.3167","173.8833","133"
"New Zealand","Waiouru","-39.4833","175.6667","821"
"New Zealand","Waipawa","-41.4122","175.5153","124"
"New Zealand","Wairoa","-39.0333","177.3667","28"
"New Zealand","Waitakere","-36.85","174.55","66"
"New Zealand","Waitara","-38.925","174.25","-9999"
"New Zealand","Waiuku","-37.25","174.75","51"
"New Zealand","Wakefield","-41.4","173.05","129"
"New Zealand","Wanaka","-44.7","169.15","345"
"New Zealand","Wanganui","-39.9333","175.05","31"
"New Zealand","Warkworth","-36.4","174.6667","58"
"New Zealand","Wellington","-41.2785","174.7766","51"
"New Zealand","Wellsford","-36.2833","174.5167","35"
"New Zealand","Westport","-41.7526","171.6037","5"
"New Zealand","Whakatane","-37.9833","177","139"
"New Zealand","Whangamata","-37.2","175.8667","23"
"New Zealand","Whangarei","-35.7317","174.3239","50"
"New Zealand","Whitianga","-36.8333","175.7","-9999"
"New Zealand","Winton","-46.15","168.3333","54"
"New Zealand","Woodend","-43.3167","172.6667","10"
"Nicaragua","Achuapa","13.05","-86.5833","375"
"Nicaragua","Acoyapa","11.96667","-85.1667","83"
"Nicaragua","Altagracia","11.56667","-85.5833","64"
"Nicaragua","Belen","11.5","-85.8833","70"
"Nicaragua","Bluefields","12","-83.75","-9999"
"Nicaragua","Boaco","12.46667","-85.6667","402"
"Nicaragua","Bocana de Paiwas","12.8","-85.1333","259"
"Nicaragua","Bonanza","14.01667","-84.5833","187"
"Nicaragua","Camoapa","12.38333","-85.5167","541"
"Nicaragua","Carlos Fonseca Amador","11.98333","-86.5167","94"
"Nicaragua","Chichigalpa","12.56667","-87.0333","76"
"Nicaragua","Chinandega","12.61667","-87.15","50"
"Nicaragua","Ciudad Dario","12.73056","-86.125","457"
"Nicaragua","Ciudad Sandino","12.15889","-86.3442","101"
"Nicaragua","Condega","13.35","-86.4","563"
"Nicaragua","Corinto","12.48333","-87.1667","11"
"Nicaragua","Corn Island","12.16667","-83.0333","-9999"
"Nicaragua","Cuapa","12.26667","-85.3833","309"
"Nicaragua","Diria","11.88333","-86.05","345"
"Nicaragua","Diriamba","11.85","-86.2333","533"
"Nicaragua","Diriomo","11.86667","-86.05","325"
"Nicaragua","Dolores","11.85","-86.2167","550"
"Nicaragua","El Almendro","11.68333","-84.7","187"
"Nicaragua","El Ayote","12.18333","-85.2833","610"
"Nicaragua","El Crucero","11.98333","-86.3167","763"
"Nicaragua","El Realejo","12.53333","-87.1667","9"
"Nicaragua","El Rosario","11.78333","-86.3667","107"
"Nicaragua","El Sauce","12.88694","-86.5381","171"
"Nicaragua","El Viejo","12.66667","-87.1667","50"
"Nicaragua","Esteli","13.08333","-86.35","857"
"Nicaragua","Granada","11.93333","-85.95","47"
"Nicaragua","Jalapa","13.91667","-86.1333","694"
"Nicaragua","Jinotega","13.1","-86","1040"
"Nicaragua","Jinotepe","11.85","-86.2","551"
"Nicaragua","Juigalpa","12.08333","-85.4","84"
"Nicaragua","La Concepcion","11.93333","-86.1833","471"
"Nicaragua","La Libertad","12.21667","-85.1667","447"
"Nicaragua","La Paz Centro","12.34","-86.6753","71"
"Nicaragua","La Paz de Oriente","11.81667","-86.1333","387"
"Nicaragua","Laguna de Perlas","12.35","-83.6667","1"
"Nicaragua","Larreynaga","12.67444","-86.5708","99"
"Nicaragua","Leon","12.43556","-86.8794","102"
"Nicaragua","Managua","12.15083","-86.2683","59"
"Nicaragua","Masatepe","11.91667","-86.15","434"
"Nicaragua","Masaya","11.96667","-86.1","242"
"Nicaragua","Matagalpa","12.91667","-85.9167","682"
"Nicaragua","Matiguas","12.83333","-85.4667","302"
"Nicaragua","Moyogalpa","11.53333","-85.7","66"
"Nicaragua","Mozonte","13.65","-86.45","647"
"Nicaragua","Muelle de los Bueyes","12.06667","-84.5333","85"
"Nicaragua","Muy Muy","12.76667","-85.6333","313"
"Nicaragua","Nagarote","12.2675","-86.5653","89"
"Nicaragua","Nandaime","11.75","-86.05","119"
"Nicaragua","Nandasmo","11.93333","-86.1167","390"
"Nicaragua","Nindiri","12.00472","-86.1194","222"
"Nicaragua","Niquinohomo","11.9","-86.1","448"
"Nicaragua","Nueva Guinea","11.68333","-84.45","185"
"Nicaragua","Ocotal","13.63333","-86.4833","599"
"Nicaragua","Palacaguina","13.45","-86.4","528"
"Nicaragua","Posoltega","12.54306","-86.9789","71"
"Nicaragua","Potosi","11.5","-85.8833","70"
"Nicaragua","Pueblo Nuevo","13.38333","-86.4833","600"
"Nicaragua","Puerto Cabezas","14.03333","-83.3833","8"
"Nicaragua","Puerto Morazan","12.85","-87.1833","5"
"Nicaragua","Quilali","13.56667","-86.0333","419"
"Nicaragua","Rama","12.15","-84.2167","26"
"Nicaragua","Rio Blanco","12.93333","-85.2167","262"
"Nicaragua","Rivas","11.43333","-85.8333","70"
"Nicaragua","San Carlos","11.11667","-84.7833","28"
"Nicaragua","San Dionisio","12.75","-85.85","467"
"Nicaragua","San Fernando","13.68333","-86.3167","742"
"Nicaragua","San Jorge","11.45","-85.8","40"
"Nicaragua","San Jose de Bocay","13.53333","-85.5333","461"
"Nicaragua","San Juan de Limay","13.16667","-86.6167","299"
"Nicaragua","San Juan de Rio Coco","13.55","-86.1667","866"
"Nicaragua","San Juan del Sur","11.25","-85.8667","69"
"Nicaragua","San Lorenzo","12.38333","-85.6667","356"
"Nicaragua","San Marcos","11.91667","-86.2","510"
"Nicaragua","San Miguelito","11.4","-84.9","41"
"Nicaragua","San Rafael del Norte","13.21667","-86.1167","1172"
"Nicaragua","San Rafael del Sur","11.85","-86.45","109"
"Nicaragua","San Ramon","12.91667","-85.8333","651"
"Nicaragua","San Sebastian de Yali","13.3","-86.1833","1019"
"Nicaragua","Santa Rosa del Penon","12.80111","-86.3706","199"
"Nicaragua","Santa Teresa","11.73333","-86.2167","141"
"Nicaragua","Santo Domingo","12.26667","-85.0833","579"
"Nicaragua","Santo Tomas","12.06667","-85.0833","367"
"Nicaragua","Siuna","13.73333","-84.7667","196"
"Nicaragua","Somotillo","13.03333","-86.9167","34"
"Nicaragua","Somoto","13.48333","-86.5833","706"
"Nicaragua","Telica","12.52056","-86.86","121"
"Nicaragua","Teustepe","12.41667","-85.8","155"
"Nicaragua","Ticuantepe","12.02333","-86.2006","307"
"Nicaragua","Tipitapa","12.20056","-86.0939","53"
"Nicaragua","Tisma","12.08389","-86.0175","54"
"Nicaragua","Tola","11.43333","-85.9333","39"
"Nicaragua","Villa Sandino","12.05","-84.9833","290"
"Nicaragua","Waslala","13.23333","-85.3833","330"
"Nicaragua","Waspam","14.73333","-83.9667","40"
"Nicaragua","Wiwili","13.61667","-85.8333","302"
"Niger","Aba","5.116667","7.366667","205"
"Niger","Abakaliki","6.333333","8.1","118"
"Niger","Abeokuta","7.15","3.35","67"
"Niger","Abuja","9.083333","7.533333","705"
"Niger","Abuja","9.175833","7.180833","339"
"Niger","Akure","7.25","5.2","385"
"Niger","Amaigbo","5.783333","7.833334","152"
"Niger","Awka","6.210095","7.074114","136"
"Niger","Azare","11.67833","10.19194","436"
"Niger","Bama","11.51833","13.68917","302"
"Niger","Bauchi","10.31583","9.844167","616"
"Niger","Benin-City","6.333333","5.633333","79"
"Niger","Bida","9.083333","6.016667","151"
"Niger","Birnin-Kebbi","12.45389","4.1975","235"
"Niger","Biu","10.61111","12.195","626"
"Niger","Buguma","4.735833","6.863611","378"
"Niger","Calabar","4.95","8.316667","98"
"Niger","Damaturu","11.74861","11.96389","456"
"Niger","Ebute Ikorodu","6.602778","3.491111","39"
"Niger","Effium","6.633333","8.066667","155"
"Niger","Effon Alaiye","7.65","4.916667","611"
"Niger","Ejigbo","7.9","4.316667","426"
"Niger","Emure Ekiti","7.45","5.466667","366"
"Niger","Enugu","6.433333","7.483333","284"
"Niger","Epe","6.583333","3.983333","42"
"Niger","Esuk Oron","4.8","8.266666","125"
"Niger","Funtua","11.53333","7.316667","615"
"Niger","Gambaru","12.36667","14.21667","270"
"Niger","Gashua","12.86806","11.04639","299"
"Niger","Gbongan","7.466667","4.35","228"
"Niger","Gombe","10.28944","11.17167","449"
"Niger","Gusau","12.16417","6.666667","420"
"Niger","Hadejia","12.44806","10.04361","337"
"Niger","Ibadan","7.387778","3.896389","239"
"Niger","Idanre","7.1","5.1","453"
"Niger","Ifo","6.816667","3.2","75"
"Niger","Igbo Ora","7.433333","3.283333","140"
"Niger","Igboho","8.833333","3.75","445"
"Niger","Igede Ekiti","7.65","5.116667","460"
"Niger","Ijebu Igbo","6.966667","4","75"
"Niger","Ijebu Ode","6.816667","3.933333","74"
"Niger","Ijero Ekiti","7.816667","5.083334","465"
"Niger","Ikerre","7.5","5.233333","446"
"Niger","Ikire","7.35","4.183333","228"
"Niger","Ikirun","7.916667","4.666667","446"
"Niger","Ikot Ekpene","5.166667","7.716667","161"
"Niger","Ila Orangun","8.016667","4.9","454"
"Niger","Ilesa","7.616667","4.733333","462"
"Niger","Ilobu","7.833333","4.483333","331"
"Niger","Ilorin","8.5","4.55","290"
"Niger","Inisa","7.85","4.333334","366"
"Niger","Ise Ekiti","7.466667","5.433333","393"
"Niger","Isieke","6.383333","8.033333","127"
"Niger","Iwo","7.633333","4.183333","231"
"Niger","Jalingo","8.883333","11.36667","351"
"Niger","Jimeta","9.283333","12.46667","136"
"Niger","Jos","9.916667","8.9","1208"
"Niger","Kaduna","10.52306","7.440278","614"
"Niger","Kano","11.99639","8.516666","477"
"Niger","Katsina","12.99778","7.599444","465"
"Niger","Keffi","8.848611","7.873611","338"
"Niger","Kishi","9.083333","3.85","373"
"Niger","Kontagora","10.40028","5.469722","335"
"Niger","Lafia","8.483333","8.516666","290"
"Niger","Lafiagi","8.866667","5.416667","99"
"Niger","Lagos","6.453056","3.395833","35"
"Niger","Lere","10.38333","8.583333","705"
"Niger","Maiduguri","11.845","13.16","300"
"Niger","Makurdi","7.733333","8.533333","106"
"Niger","Minna","9.613889","6.556944","299"
"Niger","Modakeke","7.383333","4.266667","230"
"Niger","Mubi","10.26889","13.27056","592"
"Niger","Nguru","12.8775","10.45139","321"
"Niger","Nkpor","6.15","6.833334","96"
"Niger","Nnewi","6.016667","6.916667","152"
"Niger","Nsukka","6.866667","7.383333","405"
"Niger","Offa","8.15","4.716667","436"
"Niger","Okene","7.55","6.233333","386"
"Niger","Okigwi","5.816667","7.35","154"
"Niger","Okrika","4.733333","7.083334","452"
"Niger","Olupona","7.6","4.183333","224"
"Niger","Ondo","7.1","4.833334","277"
"Niger","Onitsha","6.166667","6.783333","59"
"Niger","Owerri","5.483333","7.033333","159"
"Niger","Owo","7.183333","5.583334","306"
"Niger","Oyo","7.85","3.933333","287"
"Niger","Pindiga","9.983333","10.93333","541"
"Niger","Port Harcourt","4.789167","6.998611","459"
"Niger","Potiskum","11.71194","11.06972","475"
"Niger","Sagamu","6.85","3.65","64"
"Niger","Saki","8.666667","3.383333","457"
"Niger","Sapele","5.916667","5.7","35"
"Niger","Sokoto","13.05139","5.231389","279"
"Niger","Ugep","5.8","8.083333","105"
"Niger","Umuahia","5.533333","7.483333","151"
"Niger","Uromi","6.7","6.333334","361"
"Niger","Warri","5.516667","5.75","21"
"Niger","Wukari","7.85","9.783333","152"
"Niger","Yola","9.2","12.48333","163"
"Niger","Zaria","11.06667","7.7","675"
"Nigeria","Abalak","15.45222","6.278333","416"
"Nigeria","Aguie","13.50806","7.777222","435"
"Nigeria","Alarsas","17.01667","8","537"
"Nigeria","Atako","14.55387","6.223281","425"
"Nigeria","Ayorou","14.73139","0.919444","225"
"Nigeria","Bilma","18.68667","12.91917","521"
"Nigeria","Birnin Konni","13.8","5.25","258"
"Nigeria","Bouza","14.42222","6.045278","427"
"Nigeria","Dakoro","14.51056","6.765","403"
"Nigeria","Diffa","13.31556","12.60889","286"
"Nigeria","Dogondoutchi","13.64611","4.028889","228"
"Nigeria","Dosso","13.04444","3.194722","229"
"Nigeria","Filingue","14.35","3.316667","204"
"Nigeria","Gaya","11.88778","3.446667","173"
"Nigeria","Goure","13.98694","10.27","435"
"Nigeria","Illela","14.46167","5.2475","300"
"Nigeria","Keita","14.75722","5.780556","398"
"Nigeria","Kollo","13.30861","2.330833","160"
"Nigeria","Madaoua","14.07583","5.958611","320"
"Nigeria","Madarounfa","13.3075","7.1575","379"
"Nigeria","Magaria","12.9975","8.910556","396"
"Nigeria","Maine-Soroa","13.21778","12.02667","288"
"Nigeria","Maradi","13.49167","7.096389","374"
"Nigeria","Matamey","13.42389","8.477778","427"
"Nigeria","Mayahi","13.95778","7.668334","385"
"Nigeria","Miria","13.71417","9.150556","406"
"Nigeria","Nguigmi","14.25278","13.11083","310"
"Nigeria","Niamey","13.51667","2.116667","203"
"Nigeria","Ouallam","14.31667","2.083333","228"
"Nigeria","Say","13.10806","2.359722","158"
"Nigeria","Tahoua","14.89028","5.267778","382"
"Nigeria","Tanout","14.97028","8.891666","533"
"Nigeria","Tchin-Tabaradene","15.88694","5.776667","395"
"Nigeria","Tera","14.01056","0.753056","231"
"Nigeria","Tessaoua","13.75333","7.986389","409"
"Nigeria","Tibiri","13.57056","7.044445","343"
"Nigeria","Tillaberi","14.21167","1.453056","239"
"Nigeria","Zinder","13.8","8.983334","467"
"Norway","Anak","38.51083","125.4942","21"
"Norway","Anbyon-up","39.0425","127.5239","9"
"Norway","Anju","39.61778","125.6647","6"
"Norway","Aoji-ri","42.52056","130.3953","30"
"Norway","Ayang-ni","38.24306","125.78","104"
"Norway","Chaeryong-up","38.39917","125.6156","11"
"Norway","Changyon","38.25083","125.0961","25"
"Norway","Chasong","41.46083","126.6414","380"
"Norway","Chongjin","41.79556","129.7758","4"
"Norway","Chongju-up","39.69333","125.2103","30"
"Norway","Chunghwa-up","38.86389","125.8","35"
"Norway","Haeju","38.04056","125.7147","46"
"Norway","Hamhung","39.91833","127.5364","11"
"Norway","Hau-ri","41.20056","129.4703","128"
"Norway","Hoemul-li","41.43389","129.67","4"
"Norway","Hoeryong","42.44278","129.7508","218"
"Norway","Hoeyang","38.71028","127.5983","359"
"Norway","Hongwon","40.02528","127.9558","12"
"Norway","Hukkyo-ri","38.79861","125.7919","21"
"Norway","Hungnam","39.83167","127.6186","1"
"Norway","Hwangju-up","38.67028","125.7761","25"
"Norway","Hyesan-dong","41.4","128.1833","753"
"Norway","Iwon-up","40.32306","128.6553","1"
"Norway","Kaesong","37.97083","126.5544","39"
"Norway","Kangdong-up","39.1425","126.0961","29"
"Norway","Kanggye","40.98722","126.6114","311"
"Norway","Kapsan-up","41.09028","128.2933","810"
"Norway","Kilju","40.96417","129.3278","134"
"Norway","Koksan","38.78194","126.6664","173"
"Norway","Komusan 1-tong","42.10917","129.7","227"
"Norway","Kosan-up","38.85583","127.4181","192"
"Norway","Kowon-up","39.43806","127.2431","2"
"Norway","Kujang-up","39.86722","126.0303","27"
"Norway","Kusong","39.98111","125.2447","86"
"Norway","Kwaksan","39.6875","125.0828","14"
"Norway","Kyongsong","41.58778","129.6061","11"
"Norway","Kyongwon","42.81361","130.1528","81"
"Norway","Musan-up","42.22944","129.2131","488"
"Norway","Najin","42.24889","130.3003","9"
"Norway","Namyang-dong","42.95","129.8667","184"
"Norway","Nanam","41.71361","129.6844","26"
"Norway","Ongjin","37.93472","125.3619","20"
"Norway","Onsong","42.95722","129.9933","84"
"Norway","Panghyon-dong","39.88722","125.2414","67"
"Norway","Pukchil-lodongjagu","40.20194","125.7483","246"
"Norway","Puryong","42.06056","129.7117","167"
"Norway","Pyoksong-up","38.0475","125.5567","3"
"Norway","Pyongyang","39.01944","125.7547","13"
"Norway","Sakchu-up","40.38944","125.0467","132"
"Norway","Samho-rodongjagu","39.9475","127.8711","1"
"Norway","Sangsong-ni","39.16944","126.8856","295"
"Norway","Sariwon","38.50722","125.7558","15"
"Norway","Sil-li","39.49472","125.4736","3"
"Norway","Sinanju","39.59806","125.6097","11"
"Norway","Sinmak","38.41667","126.2333","115"
"Norway","Sinsang-ni","39.65028","127.4058","2"
"Norway","Sinuiju","40.10056","124.3981","1"
"Norway","Sokko-dong","40.95611","126.5819","359"
"Norway","Sonbong","42.34222","130.3967","29"
"Norway","Songnim","38.75417","125.645","14"
"Norway","Sot-pong","38.85889","126.0025","120"
"Norway","Sunan","39.19833","125.69","17"
"Norway","Sungam-nodongjagu","41.66972","129.6689","8"
"Norway","Sungho 1-tong","38.99139","125.9778","25"
"Norway","Sungjibaegam","41.24278","128.7989","1460"
"Norway","Uiju","40.19944","124.5317","12"
"Norway","Ungsang-nodongjagu","42.35778","130.4622","30"
"Norway","Wonsan","39.15278","127.4436","-9999"
"Norway","Yomju","39.89333","124.5981","1"
"Norway","Yonan-up","37.90889","126.1611","36"
"Norway","Yongbyon","39.81333","125.8042","137"
"Norway","Yonggang-up","38.85611","125.4244","12"
"Norway","Yonggwang-up","40.01833","127.4547","31"
"Norway","Yongi-ri","39.27806","125.7097","98"
"Norway","Yuktae-dong","40.02472","128.1597","2"
