"Saint Kitts and Nevis","Biabou","13.2","-61.1333","-9999"
"Saint Kitts and Nevis","Byera Village","13.25","-61.1167","1"
"Saint Kitts and Nevis","Chateaubelair","13.28333","-61.25","190"
"Saint Kitts and Nevis","Dovers","12.88333","-61.1833","32"
"Saint Kitts and Nevis","Georgetown","13.26667","-61.1167","25"
"Saint Kitts and Nevis","Kingstown","13.13333","-61.2167","1"
"Saint Kitts and Nevis","Kingstown Park","13.15833","-61.235","1"
"Saint Kitts and Nevis","Port Elizabeth","13.01667","-61.2333","66"
"Salvador","Acajutla","13.59278","-89.8275","8"
"Salvador","Aguilares","13.95722","-89.1897","300"
"Salvador","Ahuachapan","13.92139","-89.845","770"
"Salvador","Anamoros","13.74056","-87.8736","167"
"Salvador","Antiguo Cuscatlan","13.67306","-89.2408","850"
"Salvador","Apastepeque","13.66667","-88.7833","602"
"Salvador","Apopa","13.80722","-89.1792","405"
"Salvador","Armenia","13.74361","-89.4989","538"
"Salvador","Atiquizaya","13.97694","-89.7525","599"
"Salvador","Ayutuxtepeque","13.74556","-89.2064","647"
"Salvador","Berlin","13.5","-88.5333","1021"
"Salvador","Cacaopera","13.76667","-88.0833","552"
"Salvador","Candelaria de La Frontera","14.11667","-89.65","764"
"Salvador","Chalatenango","14.03333","-88.9333","397"
"Salvador","Chalchuapa","13.98667","-89.6811","678"
"Salvador","Chapeltique","13.63333","-88.2667","180"
"Salvador","Chinameca","13.5","-88.35","753"
"Salvador","Chirilagua","13.22028","-88.1386","343"
"Salvador","Ciudad Arce","13.84028","-89.4472","553"
"Salvador","Ciudad Barrios","13.76667","-88.2667","807"
"Salvador","Coatepeque","13.92861","-89.5042","730"
"Salvador","Cojutepeque","13.71667","-88.9333","836"
"Salvador","Concepcion Batres","13.35","-88.3667","77"
"Salvador","Concepcion de Ataco","13.87028","-89.8486","1196"
"Salvador","Conchagua","13.30778","-87.8647","294"
"Salvador","Corinto","13.81083","-87.9714","841"
"Salvador","Cuscatancingo","13.73611","-89.1814","603"
"Salvador","Delgado","13.72417","-89.1703","599"
"Salvador","El Congo","13.90889","-89.4958","800"
"Salvador","El Paisnal","13.97361","-89.2186","337"
"Salvador","El Rosario","13.49778","-89.0297","92"
"Salvador","El Transito","13.35","-88.35","100"
"Salvador","Guatajiagua","13.66667","-88.2","332"
"Salvador","Guaymango","13.75028","-89.8422","395"
"Salvador","Guazapa","13.87694","-89.1731","406"
"Salvador","Ilopango","13.70167","-89.1094","602"
"Salvador","Intipuca","13.19694","-88.0544","102"
"Salvador","Izalco","13.74472","-89.6731","442"
"Salvador","Jiquilisco","13.31667","-88.5833","38"
"Salvador","Jocoro","13.61667","-88.0167","268"
"Salvador","Juayua","13.84139","-89.7456","1023"
"Salvador","Jucuapa","13.51667","-88.3833","471"
"Salvador","Jucuaran","13.25389","-88.2478","690"
"Salvador","Jujutla","13.78694","-89.8572","566"
"Salvador","La Libertad","13.48833","-89.3222","31"
"Salvador","La Union","13.33694","-87.8439","10"
"Salvador","Lolotique","13.55","-88.35","511"
"Salvador","Mejicanos","13.74028","-89.2131","713"
"Salvador","Metapan","14.33333","-89.45","478"
"Salvador","Moncagua","13.53333","-88.25","231"
"Salvador","Nahuizalco","13.7775","-89.7367","565"
"Salvador","Nueva Concepcion","14.13333","-89.3","339"
"Salvador","Nueva Esparta","13.78361","-87.8386","312"
"Salvador","Nueva Guadalupe","13.53333","-88.35","502"
"Salvador","Nueva San Salvador","13.67694","-89.2797","921"
"Salvador","Nuevo Cuscatlan","13.64861","-89.2653","970"
"Salvador","Olocuilta","13.56972","-89.1172","495"
"Salvador","Ozatlan","13.38333","-88.5","207"
"Salvador","Panchimalco","13.61278","-89.18","600"
"Salvador","Pasaquina","13.58444","-87.8411","51"
"Salvador","Puerto El Triunfo","13.28333","-88.55","20"
"Salvador","Quezaltepeque","13.835","-89.2744","407"
"Salvador","Rosario de Mora","13.57528","-89.2089","509"
"Salvador","San Agustin","13.43333","-88.6","265"
"Salvador","San Alejo","13.43139","-87.9631","190"
"Salvador","San Antonio del Monte","13.71639","-89.7383","213"
"Salvador","San Francisco","13.7","-88.1","302"
"Salvador","San Francisco Menendez","13.84306","-90.0158","252"
"Salvador","San Juan Opico","13.87611","-89.3597","514"
"Salvador","San Marcos","13.65889","-89.1831","809"
"Salvador","San Martin","13.78333","-88.9167","603"
"Salvador","San Miquel","13.48333","-88.1833","130"
"Salvador","San Pablo Tacachico","13.97556","-89.34","303"
"Salvador","San Pedro Masahuat","13.54361","-89.0386","196"
"Salvador","San Rafael Oriente","13.38333","-88.35","199"
"Salvador","San Salvador","13.70861","-89.2031","699"
"Salvador","San Sebastian","13.73333","-88.8333","664"
"Salvador","San Vicente","13.63333","-88.8","574"
"Salvador","Santa Ana","13.99417","-89.5597","655"
"Salvador","Santa Elena","13.38333","-88.4167","170"
"Salvador","Santa Rosa de Lima","13.62472","-87.8936","93"
"Salvador","Santiago de Maria","13.48333","-88.4667","936"
"Salvador","Santiago Nonualco","13.51667","-88.95","137"
"Salvador","Santo Tomas","13.64083","-89.1333","700"
"Salvador","Sensuntepeque","13.86667","-88.6333","704"
"Salvador","Sesori","13.71667","-88.3667","228"
"Salvador","Sociedad","13.7","-88.0167","392"
"Salvador","Sonsonate","13.71889","-89.7242","245"
"Salvador","Sonzacate","13.73417","-89.7147","281"
"Salvador","Soyapango","13.73472","-89.1514","601"
"Salvador","Suchitoto","13.93806","-89.0278","309"
"Salvador","Tacuba","13.90111","-89.9297","611"
"Salvador","Tecoluca","13.78917","-89.0053","744"
"Salvador","Tenancingo","13.83333","-88.9833","598"
"Salvador","Texistepeque","14.13333","-89.5","399"
"Salvador","Tonacatepeque","13.78111","-89.1186","605"
"Salvador","Usulutan","13.35","-88.45","92"
"Salvador","Victoria","13.95","-88.6333","772"
"Salvador","Zacatecoluca","13.5","-88.8667","149"
"Salvador","Zaragoza","13.58944","-89.2889","607"
"Samoa","Afenga","-13.8","-171.817","1"
"Samoa","Aopo","-13.4833","-172.5","14"
"Samoa","Apia","-13.8333","-171.733","-9999"
"Samoa","Asaga","-13.5833","-172.133","-9999"
"Samoa","Auala","-13.4667","-172.6","-9999"
"Samoa","Aufaga","-14.0167","-171.467","319"
"Samoa","Avao","-13.45","-172.367","26"
"Samoa","Avata","-13.4833","-172.783","2"
"Samoa","Fagamalo","-13.4167","-172.35","-9999"
"Samoa","Faiaai","-13.6333","-172.633","560"
"Samoa","Faleatiu","-13.8167","-171.933","79"
"Samoa","Falefa","-13.8833","-171.55","-9999"
"Samoa","Falelima","-13.5333","-172.683","292"
"Samoa","Falepuna","-13.8667","-171.567","-9999"
"Samoa","Faleula","-13.8","-171.8","-9999"
"Samoa","Falevao","-13.9","-171.533","-9999"
"Samoa","Fasitoouta","-13.8167","-171.917","90"
"Samoa","Fausaga","-14.0167","-171.8","-9999"
"Samoa","Fogasavaii","-13.6333","-172.6","976"
"Samoa","Fusi","-14","-171.8","-9999"
"Samoa","Gataivai","-13.75","-172.383","44"
"Samoa","Lalomalava","-13.7","-172.133","-9999"
"Samoa","Lalomanu","-14","-171.4","-9999"
"Samoa","Lalomauga","-13.9","-171.567","254"
"Samoa","Lalovi","-13.85","-172.033","52"
"Samoa","Lano","-13.6","-172.133","-9999"
"Samoa","Letogo","-13.8333","-171.7","-9999"
"Samoa","Leulumoega","-13.8167","-171.917","90"
"Samoa","Leusoalii","-13.85","-171.667","1"
"Samoa","Levi","-13.9167","-172","57"
"Samoa","Lotofaga","-14.0167","-171.517","163"
"Samoa","Lufilufi","-13.85","-171.583","-9999"
"Samoa","Malie","-13.8","-171.817","1"
"Samoa","Malua","-13.8","-171.883","28"
"Samoa","Maninoa","-14.0167","-171.783","-9999"
"Samoa","Manunu","-13.9","-171.567","254"
"Samoa","Matatufu","-14.0167","-171.533","161"
"Samoa","Matautu","-13.95","-171.933","83"
"Samoa","Matavai","-14.0167","-171.617","33"
"Samoa","Mulivai","-14.0167","-171.8","-9999"
"Samoa","Mutiatele","-13.9833","-171.367","-9999"
"Samoa","Nofoalii","-13.8167","-171.917","90"
"Samoa","Nuusuatia","-13.9667","-171.8","166"
"Samoa","Paia","-13.4667","-172.4","105"
"Samoa","Papa","-13.4667","-172.7","-9999"
"Samoa","Pata","-13.9167","-171.983","116"
"Samoa","Patamea","-13.4833","-172.267","-9999"
"Samoa","Poutasi","-14.0167","-171.683","46"
"Samoa","Saaga","-14.0167","-171.783","-9999"
"Samoa","Saasaai","-13.6167","-172.133","-9999"
"Samoa","Safotu","-13.45","-172.4","31"
"Samoa","Sagone","-13.65","-172.583","733"
"Samoa","Saipipi","-13.6167","-172.133","-9999"
"Samoa","Salani","-14","-171.567","194"
"Samoa","Saleaaumua","-13.9667","-171.367","-9999"
"Samoa","Saleaula","-13.4333","-172.333","-9999"
"Samoa","Saleilua","-14.0167","-171.7","23"
"Samoa","Salelesi","-13.8667","-171.583","-9999"
"Samoa","Salepoua`e","-13.8","-171.85","9"
"Samoa","Salesatele","-14","-171.567","194"
"Samoa","Samalaeulu","-13.4667","-172.267","-9999"
"Samoa","Samatau","-13.9","-172.033","-9999"
"Samoa","Samauga","-13.9167","-171.567","320"
"Samoa","Samusu","-13.9667","-171.367","-9999"
"Samoa","Sapapalii","-13.6833","-172.117","-9999"
"Samoa","Sapulu","-13.8","-171.883","28"
"Samoa","Sapunaoa","-14","-171.567","194"
"Samoa","Sasina","-13.45","-172.433","1"
"Samoa","Satalo","-14.0167","-171.583","68"
"Samoa","Satapuala","-13.8333","-171.967","60"
"Samoa","Sataua","-13.4667","-172.667","-9999"
"Samoa","Satitoa","-13.9833","-171.367","-9999"
"Samoa","Satuiatua","-13.6833","-172.55","640"
"Samoa","Savaia","-13.9333","-171.933","225"
"Samoa","Sili","-13.7167","-172.35","232"
"Samoa","Siusega","-13.8333","-171.817","48"
"Samoa","Siutu","-13.6833","-172.55","640"
"Samoa","Solosolo","-13.85","-171.6","-9999"
"Samoa","Tafagamanu","-13.95","-171.917","109"
"Samoa","Tafitoala","-14.0167","-171.8","-9999"
"Samoa","Tafua","-13.7833","-172.217","1"
"Samoa","Taga","-13.7667","-172.467","59"
"Samoa","Toamua","-13.8","-171.783","1"
"Samoa","Tuasivi","-13.6667","-172.117","-9999"
"Samoa","Tufulele","-13.8","-171.883","28"
"Samoa","Tufutafoe","-13.4833","-172.767","1"
"Samoa","Uafato","-13.9333","-171.433","-9999"
"Samoa","Vaialoa","-13.7333","-172.283","98"
"Samoa","Vaigaga","-13.8167","-171.8","1"
"Samoa","Vaijee`itai","-14","-171.817","-9999"
"Samoa","Vailoa","-14","-171.383","-9999"
"Samoa","Vaipua","-13.6333","-172.617","659"
"Samoa","Vaisala","-13.4667","-172.617","-9999"
"Samoa","Vaitele","-13.8167","-171.783","1"
"Samoa","Vaiusu","-13.8167","-171.767","1"
"Samoa","Vaovai","-14.0167","-171.65","57"
"Samoa","Vavau","-14.0167","-171.483","278"
"Sao Tome and Principe","Sao Tome","0.333333","6.733333","137"
"Senegal","Bignona","12.81028","-16.2264","29"
"Senegal","Dakar","14.69511","-17.4439","14"
"Senegal","Dara","15.34844","-15.4799","62"
"Senegal","Diawara","15.03333","-12.55","14"
"Senegal","Diofior","14.18333","-16.6667","7"
"Senegal","Foundiougne","14.13333","-16.4667","1"
"Senegal","Gandiaye","14.23333","-16.2667","24"
"Senegal","Golere","16.25","-14.1","12"
"Senegal","Grand Dakar","14.70889","-17.4553","33"
"Senegal","Guinguineo","14.26667","-15.95","23"
"Senegal","Joal-Fadiout","14.16667","-16.8333","1"
"Senegal","Kanel","15.48333","-13.1667","15"
"Senegal","Kayar","14.91917","-17.1211","1"
"Senegal","Kedougou","12.55","-12.1833","100"
"Senegal","Khombole","14.76667","-16.7","14"
"Senegal","Kolda","12.88333","-14.95","1"
"Senegal","Koungheul","13.98333","-14.8","21"
"Senegal","Marsassoum","12.8275","-15.9806","11"
"Senegal","Mbake","14.79032","-15.908","43"
"Senegal","Mekhe","15.11667","-16.6333","43"
"Senegal","Ndibene Dahra","15.33333","-15.4833","61"
"Senegal","Ndioum","16.51667","-14.65","12"
"Senegal","Ndofane","13.91667","-15.9333","28"
"Senegal","Nguekokh","14.51278","-17.005","24"
"Senegal","Nioro du Rip","13.75","-15.8","29"
"Senegal","Ouaounde","15.26667","-12.8667","25"
"Senegal","Ouro Sogui","15.6","-13.3167","27"
"Senegal","Oussouye","12.485","-16.5469","38"
"Senegal","Passi","13.98333","-16.2667","25"
"Senegal","Polel Diaoube-http://polel-diaoube.info","15.26667","-13","33"
"Senegal","Pourham","14.35","-16.4167","14"
"Senegal","Pout","14.77389","-17.0603","17"
"Senegal","Ranerou","15.3","-13.9667","36"
"Senegal","Richard Toll","16.46667","-15.6833","11"
"Senegal","Rosso","16.5","-15.8167","46"
"Senegal","Saint-Louis","16.01793","-16.4896","24"
"Senegal","Sedhiou","12.70806","-15.5569","34"
"Senegal","Semme","15.2","-12.95","41"
"Senegal","Sokone","13.88333","-16.3667","19"
"Senegal","Thies Nones","14.78333","-16.9667","101"
"Senegal","Tiadiaye","14.41667","-16.7","29"
"Senegal","Tiebo","14.63333","-16.2333","15"
"Senegal","Tionk Essil","12.78556","-16.5217","21"
"Senegal","Velingara","13.15","-14.1167","42"
"Senegal","Warang","14.37349","-16.9437","1"
"Senegal","Ziguinchor","12.58333","-16.2719","16"
"Seychelles","Victoria","-4.61667","55.45","-9999"
"Slovenia","Ajdovscina","45.8875","13.91111","167"
"Slovenia","Ankaran","45.57861","13.73611","80"
"Slovenia","Beltinci","46.60528","16.24055","185"
"Slovenia","Bled","46.36917","14.11361","500"
"Slovenia","Borovnica","45.91583","14.36306","309"
"Slovenia","Brezice","45.90333","15.59111","166"
"Slovenia","Brezovica","46.03333","14.4","341"
"Slovenia","Celje","46.23611","15.2675","239"
"Slovenia","Cerknica","45.79306","14.3625","630"
"Slovenia","Crna na Koroskem","46.46667","15.85","277"
"Slovenia","Crnomelj","45.57111","15.18889","151"
"Slovenia","Domzale","46.13806","14.59778","288"
"Slovenia","Dravograd","46.58806","15.01917","372"
"Slovenia","Gornja Radgona","46.67333","15.99222","206"
"Slovenia","Grosuplje","45.95556","14.65889","315"
"Slovenia","Hrastnik","46.14611","15.08139","317"
"Slovenia","Idrija","46.00278","14.03056","441"
"Slovenia","Ig","45.96028","14.52889","274"
"Slovenia","Ilirska Bistrica","45.56972","14.24083","438"
"Slovenia","Izola","45.53694","13.66194","25"
"Slovenia","Jagodje","45.53222","13.655","46"
"Slovenia","Jesenice","46.43056","14.06694","544"
"Slovenia","Kamnik","46.21972","14.60944","542"
"Slovenia","Kocevje","45.64333","14.86333","473"
"Slovenia","Koper","45.54694","13.72944","12"
"Slovenia","Koroska-Bela","46.43028","14.10333","786"
"Slovenia","Kranj","46.24111","14.36167","380"
"Slovenia","Krsko","45.95306","15.48944","166"
"Slovenia","Lasko","46.15194","15.23639","317"
"Slovenia","Lenart v Slovenskih Goricah","46.57611","15.83139","231"
"Slovenia","Lendava","46.56139","16.45056","256"
"Slovenia","Lesce","46.36111","14.15778","515"
"Slovenia","Limbus","46.55361","15.58361","286"
"Slovenia","Litija","46.05861","14.8225","260"
"Slovenia","Ljubljana","46.05528","14.51444","284"
"Slovenia","Ljutomer","46.52083","16.1975","186"
"Slovenia","Logatec","45.91444","14.22583","471"
"Slovenia","Lovrenc na Pohorju","46.54056","15.39306","462"
"Slovenia","Lucija","45.49639","13.61361","67"
"Slovenia","Maribor","46.55472","15.64667","262"
"Slovenia","Medvode","46.13333","14.43333","298"
"Slovenia","Menges","46.16694","14.575","314"
"Slovenia","Metlika","45.64722","15.31417","151"
"Slovenia","Mezica","46.52139","14.85444","555"
"Slovenia","Miklavz na Dravskem Polju","46.50583","15.69722","256"
"Slovenia","Mozirje","46.33944","14.96333","325"
"Slovenia","Murska Sobota","46.6625","16.16639","196"
"Slovenia","Muta","46.61139","15.16611","327"
"Slovenia","Nova Gorica","45.96139","13.64361","107"
"Slovenia","Novo Mesto","45.7925","15.16472","187"
"Slovenia","Ormoz","46.41139","16.15444","228"
"Slovenia","Piran","45.52778","13.57056","1"
"Slovenia","Pivka","45.67944","14.19667","534"
"Slovenia","Podhom","46.4","14.1","587"
"Slovenia","Polzela","46.28333","15.06667","295"
"Slovenia","Portoroz","45.51611","13.58833","-9999"
"Slovenia","Postojna","45.77694","14.21667","700"
"Slovenia","Prevalje","46.54694","14.92083","408"
"Slovenia","Ptuj","46.42139","15.86972","221"
"Slovenia","Race","46.45194","15.68139","255"
"Slovenia","Radece","46.06806","15.18389","502"
"Slovenia","Radenci","46.64722","16.04417","205"
"Slovenia","Radlje ob Dravi","46.61417","15.22639","350"
"Slovenia","Radovljica","46.34444","14.17444","482"
"Slovenia","Rakek","45.81333","14.31111","564"
"Slovenia","Ravne","45.9625","15.01278","364"
"Slovenia","Ribnica","45.73861","14.7275","490"
"Slovenia","Rogaska Slatina","46.2375","15.63972","293"
"Slovenia","Ruse","46.53944","15.51583","380"
"Slovenia","Sempeter pri Gorici","45.9275","13.64111","77"
"Slovenia","Sempeter v Savinjski Dolini","46.25639","15.12194","267"
"Slovenia","Sencur","46.24556","14.41972","397"
"Slovenia","Senovo","46.02361","15.47694","322"
"Slovenia","Sentjur","46.21722","15.3975","333"
"Slovenia","Sevnica","46.00778","15.31556","183"
"Slovenia","Sezana","45.70694","13.87222","428"
"Slovenia","Skofja Loka","46.16722","14.30889","342"
"Slovenia","Skofljica","45.98333","14.57667","300"
"Slovenia","Slovenj Gradec","46.51028","15.08056","428"
"Slovenia","Slovenska Bistrica","46.39278","15.57444","306"
"Slovenia","Slovenske Konjice","46.33667","15.42583","315"
"Slovenia","Solkan","45.97139","13.64944","160"
"Slovenia","Sostanj","46.38","15.04861","378"
"Slovenia","Spodnje Hoce","46.5","15.65","267"
"Slovenia","Straza","45.78","15.07278","167"
"Slovenia","Tolmin","46.18304","13.73321","173"
"Slovenia","Trbovlje","46.155","15.05333","409"
"Slovenia","Trebnje","45.90417","15.02167","278"
"Slovenia","Trzic","46.36667","14.31667","702"
"Slovenia","Trzin","46.13333","14.56667","283"
"Slovenia","Velenje","46.35917","15.11028","407"
"Slovenia","Vir pri Sticni","45.9525","14.81778","344"
"Slovenia","Vojnik","46.29333","15.30333","324"
"Slovenia","Vrhnika","45.96611","14.29556","291"
"Slovenia","Vrtojba","45.9125","13.63417","74"
"Slovenia","Zagorje ob Savi","46.13417","15.00139","323"
"Slovenia","Zalec","46.25361","15.1675","253"
"Slovenia","Zelezniki","46.23333","14.16667","599"
"Slovenia","Ziri","46.04222","14.10722","486"
"Slovenia","Zrece","46.38222","15.37917","425"
"Solomon Islands","Auki","-8.76667","160.7","158"
"Solomon Islands","Gizo","-8.1","156.85","-9999"
"Solomon Islands","Honiara","-9.43333","159.95","12"
"Solomon Islands","Kirakira","-10.45","161.9167","153"
"Solomon Islands","Lata","-10.7167","165.8333","1"
"Solomon Islands","Tulaghi","-9.1","160.15","1"
"Somalia","Afgooye","2.15","45.11666","78"
"Somalia","Baardheere","2.35","42.26667","102"
"Somalia","Baidoa","3.116667","43.65","446"
"Somalia","Bandarbeyla","9.483333","50.81667","146"
"Somalia","Bargaal","11.28333","51.08333","1"
"Somalia","Beledweyne","4.735833","45.20361","174"
"Somalia","Bender Cassim","11.28472","49.1825","1"
"Somalia","Berbera","10.43556","45.01639","21"
"Somalia","Bereeda","11.85","51.05","135"
"Somalia","Burao","9.516667","45.53333","1039"
"Somalia","Buulobarde","3.85","45.56667","127"
"Somalia","Buur Gaabo","-1.21667","41.85","-9999"
"Somalia","Buurhakaba","2.783333","44.08333","199"
"Somalia","Cadale","2.75","46.31667","-9999"
"Somalia","Ceek","8.996944","45.35861","858"
"Somalia","Ceelbuur","4.683333","46.61666","153"
"Somalia","Ceeldheere","3.85","47.2","121"
"Somalia","Chisimayu","-0.36667","42.53333","-9999"
"Somalia","Dujuuma","1.253333","42.57084","41"
"Somalia","Dusa Marreb","5.535","46.38611","203"
"Somalia","Erigavo","10.61806","47.37","1776"
"Somalia","Eyl","7.983333","49.81667","22"
"Somalia","Galcaio","6.769722","47.43083","293"
"Somalia","Garbahaarrey","3.316667","42.21667","235"
"Somalia","Giohar","2.766667","45.51667","100"
"Somalia","Hargeysa","9.56","44.065","1247"
"Somalia","Hobyo","5.351389","48.52555","120"
"Somalia","Iskushuban","10.28333","50.23333","285"
"Somalia","Jalalaqsi","3.4","45.58333","121"
"Somalia","Jamaame","0.072222","42.75056","11"
"Somalia","Jilib","0.495833","42.77278","17"
"Somalia","Laascaanood","8.475556","47.35778","722"
"Somalia","Laasqoray","11.16667","48.21667","4"
"Somalia","Luuq","3.8","42.55","155"
"Somalia","Mahadday Weyne","2.966667","45.53333","103"
"Somalia","Mogadishu","2.066667","45.36666","58"
"Somalia","Oodweyne","9.408056","45.06222","1029"
"Somalia","Qandala","11.47111","49.87389","7"
"Somalia","Qoryooley","1.783333","44.53333","65"
"Somalia","Saacow","1.633333","42.45","58"
"Somalia","Tayeeglow","4.033333","44.51667","413"
"Somalia","Waajid","3.8","43.25","370"
"Somalia","Wanlaweyn","2.616667","44.9","92"
"Somalia","Xarardheere","4.654444","47.8575","216"
"Somalia","Yeed","4.55","43.03333","353"
"South Africa","Aliwal North","-30.7","26.7","1361"
"South Africa","Atlantis","-33.5667","18.48333","190"
"South Africa","Balfour","-26.65","28.58333","1572"
"South Africa","Barberton","-25.7833","31.05","764"
"South Africa","Beaufort West","-32.35","22.58333","828"
"South Africa","Benoni","-26.1833","28.31667","1596"
"South Africa","Bethal","-26.45","29.46667","1614"
"South Africa","Bethlehem","-28.2333","28.3","1666"
"South Africa","Bisho","-32.8667","27.43333","435"
"South Africa","Bloemfontein","-29.1333","26.2","1398"
"South Africa","Boksburg","-26.2167","28.25","1591"
"South Africa","Bothaville","-27.3667","26.61667","1276"
"South Africa","Botshabelo","-29.2333","26.73333","1609"
"South Africa","Brakpan","-26.2333","28.36667","1616"
"South Africa","Brits","-25.6333","27.78333","1105"
"South Africa","Cape Town","-33.9167","18.41667","7"
"South Africa","Carletonville","-26.3667","27.4","1541"
"South Africa","Centurion","-25.8744","28.17056","1455"
"South Africa","Ceres","-33.3667","19.31667","462"
"South Africa","Delmas","-26.15","28.68333","1560"
"South Africa","Dundee","-28.1667","30.23333","1258"
"South Africa","Durban","-29.85","31.01667","28"
"South Africa","eMbalenhle","-26.5333","29.06667","1585"
"South Africa","Ermelo","-26.5333","29.98333","1667"
"South Africa","eSikhawini","-28.8833","31.9","36"
"South Africa","Fochville","-26.4833","27.5","1499"
"South Africa","Fort Beaufort","-32.7833","26.63333","399"
"South Africa","Frankfort","-27.2667","28.48333","1589"
"South Africa","Ga-Rankuwa","-25.6167","27.98333","1247"
"South Africa","George","-33.9667","22.45","178"
"South Africa","Graaff-Reinet","-32.2522","24.53075","768"
"South Africa","Grahamstown","-33.3","26.53333","507"
"South Africa","Heidelberg","-26.5","28.35","1482"
"South Africa","Heilbron","-27.2833","27.96667","1552"
"South Africa","Johannesburg","-26.2","28.08333","1775"
"South Africa","Kimberley","-28.7333","24.76667","1219"
"South Africa","Klerksdorp","-26.8667","26.66667","1334"
"South Africa","Knysna","-34.0363","23.04713","6"
"South Africa","Kroonstad","-27.65","27.23333","1343"
"South Africa","Krugersdorp","-26.1","27.76667","1713"
"South Africa","Kutloanong","-27.8333","26.75","1328"
"South Africa","Lichtenburg","-26.15","26.16667","1453"
"South Africa","Louis Trichardt","-23.05","29.9","955"
"South Africa","Mabopane","-25.5072","28.1075","1304"
"South Africa","Middelburg","-25.7833","29.46667","1448"
"South Africa","Midrand","-25.9636","28.13778","1559"
"South Africa","Mmabatho","-25.85","25.63333","1260"
"South Africa","Mondlo","-27.9833","30.71667","1089"
"South Africa","Mpumalanga","-29.8167","30.61667","494"
"South Africa","Nelspruit","-25.4667","30.96667","677"
"South Africa","Newcastle","-27.75","29.93333","1165"
"South Africa","Nigel","-26.4167","28.46667","1553"
"South Africa","Noorder-Paarl","-33.7167","18.96667","94"
"South Africa","Orkney","-26.9833","26.66667","1320"
"South Africa","Oudtshoorn","-33.5907","22.2014","329"
"South Africa","Parys","-26.9","27.45","1383"
"South Africa","Phalaborwa","-23.95","31.11667","394"
"South Africa","Phuthaditjhaba","-28.5333","28.81667","1622"
"South Africa","Piet Retief","-27","30.8","1269"
"South Africa","Pietermaritzburg","-29.6167","30.38333","596"
"South Africa","Polokwane","-23.9","29.45","1282"
"South Africa","Port Elizabeth","-33.9667","25.58333","35"
"South Africa","Port Shepstone","-30.75","30.45","-9999"
"South Africa","Potchefstroom","-26.7167","27.1","1322"
"South Africa","Potgietersrus","-24.1833","29.01667","1191"
"South Africa","Pretoria","-25.7069","28.22944","1282"
"South Africa","Queenstown","-31.9","26.88333","1076"
"South Africa","Randfontein","-26.1667","27.7","1690"
"South Africa","Richards Bay","-28.8","32.1","-9999"
"South Africa","Rustenburg","-25.6667","27.25","1154"
"South Africa","Saldanha","-33.0167","17.95","1"
"South Africa","Sasolburg","-26.8136","27.81695","1476"
"South Africa","Schweizer-Reineke","-27.1833","25.33333","1335"
"South Africa","Senekal","-28.3167","27.6","1446"
"South Africa","Soweto","-26.2667","27.86667","1620"
"South Africa","Springs","-26.25","28.4","1626"
"South Africa","Standerton","-26.95","29.25","1499"
"South Africa","Stanger","-29.3333","31.3","118"
"South Africa","Stellenbosch","-33.9333","18.85","97"
"South Africa","Stilfontein","-26.85","26.78333","1349"
"South Africa","Tembisa","-25.9989","28.22694","1578"
"South Africa","Thaba Nchu","-29.2167","26.83333","1532"
"South Africa","Thohoyandou","-22.95","30.48333","734"
"South Africa","Uitenhage","-33.7653","25.40222","115"
"South Africa","Umtata","-31.5833","28.78333","693"
"South Africa","Upington","-28.45","21.25","812"
"South Africa","Vanderbijlpark","-26.7","27.81667","1469"
"South Africa","Vereeniging","-26.6667","27.93333","1436"
"South Africa","Viljoenskroon","-27.2167","26.95","1336"
"South Africa","Virginia","-28.1167","26.9","1319"
"South Africa","Volksrust","-27.3667","29.88333","1661"
"South Africa","Vryburg","-26.95","24.73333","1214"
"South Africa","Vryheid","-27.7667","30.8","1113"
"South Africa","Warmbaths","-24.8833","28.28333","1151"
"South Africa","Welkom","-27.9833","26.73333","1365"
"South Africa","Wesselsbron","-27.85","26.36667","1310"
"South Africa","Westonaria","-26.3167","27.65","1573"
"South Africa","Witbank","-25.8667","29.23333","1635"
"South Africa","Wolmaransstad","-27.2","25.96667","1349"
"South Africa","Worcester","-33.65","19.43333","222"
"Spain","A Coruna","43.37135","-8.396","1"
"Spain","Alacant","38.34517","-0.48149","1"
"Spain","Albacete","38.98333","-1.85","677"
"Spain","Alcala de Henares","40.48333","-3.36667","578"
"Spain","Alcobendas","40.54746","-3.64197","674"
"Spain","Alcorcon","40.34582","-3.82487","668"
"Spain","Algeciras","36.1275","-5.45389","1"
"Spain","Algorta","43.34927","-3.0094","30"
"Spain","Almeria","36.83814","-2.45974","-9999"
"Spain","Aviles","43.55694","-5.92472","5"
"Spain","Badajoz","38.88333","-6.96667","168"
"Spain","Badalona","41.45004","2.247412","6"
"Spain","Barakaldo","43.29564","-2.99729","17"
"Spain","Barcelona","41.38879","2.158985","41"
"Spain","Benidorm","38.53816","-0.13098","1"
"Spain","Bilbao","43.26271","-2.92528","33"
"Spain","Burgos","42.35","-3.7","861"
"Spain","Caceres","39.47649","-6.37224","403"
"Spain","Cadiz","36.53361","-6.29944","36"
"Spain","Cartagena","37.6","-0.98333","-9999"
"Spain","Castello de la Plana","39.98333","-0.03333","18"
"Spain","Ceuta","35.88933","-5.31979","-9999"
"Spain","Chiclana de la Frontera","36.41667","-6.13333","42"
"Spain","Ciudad Real","38.98333","-3.93333","630"
"Spain","Ciutat Vella","41.38022","2.17319","24"
"Spain","Cordoba","37.88333","-4.76667","116"
"Spain","Cornella de Llobregat","41.35","2.083333","13"
"Spain","Coslada","40.43333","-3.56667","599"
"Spain","Delicias","41.64774","-0.91474","206"
"Spain","Dos Hermanas","37.28444","-5.92417","32"
"Spain","Eixample","41.38896","2.16179","41"
"Spain","El Ejido","36.77629","-2.81456","95"
"Spain","El Puerto de Santa Maria","36.59389","-6.23298","1"
"Spain","Elx","38.26218","-0.70107","77"
"Spain","Ferrol","43.48333","-8.23333","5"
"Spain","Fuenlabrada","40.28333","-3.8","647"
"Spain","Getafe","40.30571","-3.73295","601"
"Spain","Gijon","43.54111","-5.66444","11"
"Spain","Girona","41.98311","2.824935","117"
"Spain","Granada","37.18817","-3.60667","658"
"Spain","Guadalajara","40.63333","-3.16667","708"
"Spain","Huelva","37.25833","-6.95083","1"
"Spain","Jaen","37.76667","-3.78333","537"
"Spain","Jerez de la Frontera","36.68333","-6.13333","50"
"Spain","La Laguna","28.48333","-16.3167","625"
"Spain","Las Palmas de Gran Canaria","28.1","-15.4167","114"
"Spain","Las Rozas de Madrid","40.49292","-3.87371","696"
"Spain","Leganes","40.32718","-3.7635","628"
"Spain","Leon","42.6","-5.56667","816"
"Spain","Lleida","41.61667","0.616667","147"
"Spain","Logrono","42.46667","-2.45","364"
"Spain","Lorca","37.66667","-1.7","307"
"Spain","Lugo","43","-7.56667","370"
"Spain","Madrid","40.4165","-3.70256","638"
"Spain","Malaga","36.72016","-4.42034","1"
"Spain","Manresa","41.72498","1.826563","273"
"Spain","Marbella","36.51543","-4.88583","75"
"Spain","Mataro","41.53333","2.45","-9999"
"Spain","Melilla","35.29369","-2.93833","70"
"Spain","Mostoles","40.32234","-3.86496","651"
"Spain","Murcia","37.98333","-1.11667","28"
"Spain","Nou Barris","41.44163","2.177267","45"
"Spain","Orihuela","38.08333","-0.95","20"
"Spain","Ourense","42.33333","-7.85","327"
"Spain","Oviedo","43.36667","-5.83333","179"
"Spain","Palencia","42.01667","-4.53333","737"
"Spain","Palma","39.56939","2.650237","13"
"Spain","Pamplona","42.81687","-1.64323","425"
"Spain","Parla","40.23333","-3.76667","625"
"Spain","Ponferrada","42.55","-6.58333","508"
"Spain","Pontevedra","42.431","-8.64435","27"
"Spain","Pozuelo de Alarcon","40.43333","-3.81667","695"
"Spain","Reus","41.15612","1.106873","126"
"Spain","Rubi","41.48333","2.033333","120"
"Spain","Sabadell","41.55","2.1","193"
"Spain","Salamanca","40.96667","-5.65","795"
"Spain","San Fernando","36.46667","-6.2","48"
"Spain","San Sebastian","43.31283","-1.97499","33"
"Spain","Sant Cugat del Valles","41.46667","2.083333","120"
"Spain","Sant Marti","41.41814","2.199326","13"
"Spain","Santa Coloma de Gramenet","41.45152","2.208102","49"
"Spain","Santa Cruz de Tenerife","28.46824","-16.2546","159"
"Spain","Santander","43.46472","-3.80444","1"
"Spain","Santiago de Compostela","42.88052","-8.54569","267"
"Spain","Sevilla","37.37722","-5.98694","2"
"Spain","Talavera de la Reina","39.95","-4.83333","365"
"Spain","Tarragona","41.11667","1.25","56"
"Spain","Telde","28","-15.4167","144"
"Spain","Terrassa","41.56667","2.016667","313"
"Spain","Toledo","39.8581","-4.02263","507"
"Spain","Torrejon de Ardoz","40.45","-3.48333","568"
"Spain","Torrent","39.43705","-0.46546","36"
"Spain","Torrevieja","37.98333","-0.68333","7"
"Spain","Valencia","39.46975","-0.37739","10"
"Spain","Valladolid","41.65","-4.71667","694"
"Spain","Vigo","42.23333","-8.71667","115"
"Spain","Vitoria-Gasteiz","42.85","-2.66667","516"
"Spain","Zamora","41.5","-5.75","617"
"Spain","Zaragoza","41.65606","-0.87734","183"
"Sri Lanka","Ambalangoda","6.225","80.05666","-9999"
"Sri Lanka","Ampara","7.283333","81.66666","68"
"Sri Lanka","Anuradhapura","8.356475","80.41726","79"
"Sri Lanka","Badulla","6.983333","81.05","774"
"Sri Lanka","Battaramulla","6.9","79.91666","47"
"Sri Lanka","Batticaloa","7.716667","81.7","1"
"Sri Lanka","Bentota","6.421111","79.99889","-9999"
"Sri Lanka","Beruwala","6.473889","79.98417","2"
"Sri Lanka","Chilaw","7.575833","79.79528","3"
"Sri Lanka","Colombo","6.931944","79.84778","1"
"Sri Lanka","Dambulla","7.86","80.65166","213"
"Sri Lanka","Eravur","7.766667","81.6","14"
"Sri Lanka","Galkissa","6.833333","79.86667","3"
"Sri Lanka","Galle","6.053611","80.21167","13"
"Sri Lanka","Gampaha","7.091667","79.99416","14"
"Sri Lanka","Gampola","7.164722","80.57667","568"
"Sri Lanka","Hanwella Ihala","6.9","80.08334","81"
"Sri Lanka","Haputale","6.766667","80.96667","1516"
"Sri Lanka","Hatton","6.897222","80.59583","1187"
"Sri Lanka","Hendala","6.983889","79.87639","1"
"Sri Lanka","Hikkaduwa","6.140278","80.10389","2"
"Sri Lanka","Homagama","6.840833","80.01389","112"
"Sri Lanka","Horana","6.716667","80.06","93"
"Sri Lanka","Horawala Junction","6.48088","80.12708","129"
"Sri Lanka","Ja-Ela","7.084444","79.89472","5"
"Sri Lanka","Jaffna","9.666667","80","1"
"Sri Lanka","Kadugannawa","7.253611","80.5275","604"
"Sri Lanka","Kalmunai","7.416667","81.81667","1"
"Sri Lanka","Kalutara","6.576111","79.96584","3"
"Sri Lanka","Kandana","7.047778","79.89389","6"
"Sri Lanka","Kandy","7.296389","80.635","473"
"Sri Lanka","Katunayaka","7.164722","79.87305","2"
"Sri Lanka","Kelaniya","6.96","79.89778","4"
"Sri Lanka","Kilinochchi","9.4","80.4","15"
"Sri Lanka","Kolonnawa","6.931667","79.89445","19"
"Sri Lanka","Kotikawatta","6.933333","79.91666","22"
"Sri Lanka","Kuliyapitiya","7.470833","80.04556","91"
"Sri Lanka","Kurunegala","7.486667","80.36472","161"
"Sri Lanka","Maharagama","6.846111","79.92805","49"
"Sri Lanka","Minuwangoda","7.173333","79.96194","20"
"Sri Lanka","Monaragala","6.866667","81.35","163"
"Sri Lanka","Moratuwa","6.773333","79.8825","-9999"
"Sri Lanka","Mulleriyawa","6.933333","79.93333","23"
"Sri Lanka","Negombo","7.208611","79.83583","2"
"Sri Lanka","Nuwara Eliya","6.970779","80.78286","2085"
"Sri Lanka","Panadura","6.713333","79.90417","1"
"Sri Lanka","Peliyagoda","6.95","79.9","3"
"Sri Lanka","Pita Kotte","6.883333","79.9","37"
"Sri Lanka","Point Pedro","9.816667","80.23333","1"
"Sri Lanka","Puttalam","8.033333","79.81667","-9999"
"Sri Lanka","Ratnapura","6.682778","80.39917","128"
"Sri Lanka","Sigiriya","7.95","80.75","310"
"Sri Lanka","Sri Jayewardenepura Kotte","6.902778","79.90833","35"
"Sri Lanka","Talawakele","6.936667","80.66111","1238"
"Sri Lanka","Tangalla","6.023056","80.78889","2"
"Sri Lanka","Trincomalee","8.566667","81.23333","1"
"Sri Lanka","Valvedditturai","9.816667","80.16666","1"
"Sri Lanka","Vavuniya","8.75","80.5","89"
"Sri Lanka","Wattala","6.989722","79.89333","2"
"Sri Lanka","Wattegama","6.8","81.5","123"
"Sri Lanka","Weligama","5.966667","80.41666","9"
"Sri Lanka","Welisara","7.033333","79.9","7"
"Sudan","Abu Jubayhah","11.45","31.23333","564"
"Sudan","Abu Zabad","12.35","29.25","544"
"Sudan","Ad Dabbah","18.05","30.95","267"
"Sudan","Ad Damazin","11.76667","34.35","493"
"Sudan","Ad Dindar","13.2","34.16667","398"
"Sudan","Ad Duwaym","14","32.31667","377"
"Sudan","Ad-Damar","17.59278","33.95917","362"
"Sudan","Al Bauga","18.26667","33.91667","320"
"Sudan","Al Fashir","13.63333","25.35","753"
"Sudan","Al Fulah","11.8","28.4","543"
"Sudan","Al Hasahisa","14.73333","33.3","402"
"Sudan","Al Hawatah","13.41667","34.63334","431"
"Sudan","Al Hilaliyah","14.93333","33.23333","400"
"Sudan","Al Junaynah","13.45","22.45","757"
"Sudan","Al Kawah","13.73333","32.5","378"
"Sudan","Al Kereimet","14.35","32.95","411"
"Sudan","Al Lagowa","11.4","29.13333","557"
"Sudan","Al Manaqil","14.25","32.98333","412"
"Sudan","Al Mijlad","11.03333","27.73333","428"
"Sudan","Al Musallamiyah","14.56667","33.35","407"
"Sudan","Al Qutaynah","14.86667","32.35","390"
"Sudan","Al Ubayyid","13.18333","30.21667","610"
"Sudan","An Nuhud","12.7","28.43333","570"
"Sudan","Ar Rahad","12.71667","30.65","490"
"Sudan","Ar Rusayris","11.85","34.38334","459"
"Sudan","Argo","19.51667","30.41667","222"
"Sudan","Aroma","15.81667","36.13334","459"
"Sudan","As Suki","13.31667","33.88334","399"
"Sudan","Atbara","17.69722","33.97833","357"
"Sudan","Barah","13.7","30.36667","614"
"Sudan","Barbar","18.01667","33.98333","334"
"Sudan","Bentiu","9.233333","29.83333","345"
"Sudan","Bor","6.207222","31.55917","407"
"Sudan","Dilling","12.05","29.65","688"
"Sudan","Doka","13.51667","35.76667","683"
"Sudan","El Matama","16.70972","33.35389","379"
"Sudan","Galgani","12.45","34.18333","430"
"Sudan","Gebeit","21.06667","36.31667","619"
"Sudan","Gogrial","8.533333","28.11667","398"
"Sudan","Kadugli","11.01667","29.71667","493"
"Sudan","Kapoeta","4.771667","33.59028","642"
"Sudan","Karmah an Nuzul","19.63333","30.41667","228"
"Sudan","Kassala","15.45583","36.39889","532"
"Sudan","Khartoum","15.58806","32.53417","378"
"Sudan","Kinanah","14.03333","33.16667","433"
"Sudan","Kuraymah","18.55","31.85","242"
"Sudan","Kurmuk","10.55","34.28333","651"
"Sudan","Kusti","13.16667","32.66667","378"
"Sudan","Kutum","14.2","24.66667","1128"
"Sudan","Ler","8.3","30.13333","382"
"Sudan","Maiurno","13.41667","33.66667","399"
"Sudan","Malakal","9.536944","31.65611","277"
"Sudan","Marabba","12.35","32.18333","394"
"Sudan","Marawi","18.48333","31.81667","276"
"Sudan","Maridi","4.914722","29.47694","699"
"Sudan","Ombusi","3.889444","30.61056","858"
"Sudan","Omdurman","15.63611","32.43722","389"
"Sudan","Port Sudan","19.61583","37.21639","66"
"Sudan","Rabak","13.15","32.73333","362"
"Sudan","Raga","8.466667","25.68333","604"
"Sudan","Rumbek","6.8","29.68333","407"
"Sudan","Sannar","13.55","33.63334","396"
"Sudan","Sawakin","19.10389","37.33","64"
"Sudan","Shendi","16.69139","33.43417","377"
"Sudan","Sinjah","13.15","33.93333","407"
"Sudan","Talawdi","10.63639","30.37972","500"
"Sudan","Tambura","5.6","27.46667","609"
"Sudan","Tandalti","13.01667","31.86667","409"
"Sudan","Tawkar","18.43333","37.73333","31"
"Sudan","Tonj","7.273333","28.68389","428"
"Sudan","Torit","4.413333","32.56778","830"
"Sudan","Umm Jarr","13.81667","32.4","362"
"Sudan","Umm Kaddadah","13.6","26.7","635"
"Sudan","Umm Ruwabah","12.9","31.21667","447"
"Sudan","Uwayl","8.766667","27.4","473"
"Sudan","Wad az Zaki","14.46667","32.21667","379"
"Sudan","Wad Madani","14.4","33.53333","412"
"Sudan","Wad Rawah","15.16028","33.13972","394"
"Sudan","Wagar","16.15278","36.20417","452"
"Sudan","Waw","7.7","28","430"
"Sudan","Yambio","4.570556","28.41639","632"
"Sudan","Yei","4.091389","30.67861","831"
"Sudan","Zalingei","12.9","23.48333","880"
"Suriname","Albina","5.5","-54.05","6"
"Suriname","Benzdorp (Monte Hermon)","3.672067","-54.1035","105"
"Suriname","Brownsweg","5.016667","-55.1667","76"
"Suriname","Groningen","5.8","-55.4667","10"
"Suriname","Kabana-vo","3.674107","-54.0849","101"
"Suriname","Lelydorp","5.7","-55.2333","9"
"Suriname","Marienburg","5.883333","-55.05","1"
"Suriname","Moengo","5.616667","-54.4","22"
"Suriname","Nieuw Amsterdam","5.883333","-55.0833","1"
"Suriname","Nieuw Nickerie","5.95","-56.9833","1"
"Suriname","Onverwacht","5.583333","-55.1833","11"
"Suriname","Paramaribo","5.833333","-55.1667","3"
"Suriname","Totness","5.883333","-56.3167","1"
"Suriname","Wageningen","5.766667","-56.6833","2"
"Swaziland","Bhunya","-26.55","31.01667","1019"
"Swaziland","Big Bend","-26.8167","31.93333","138"
"Swaziland","Bulembu","-25.9667","31.13333","1028"
"Swaziland","Darkton","-26.2333","31.03333","1396"
"Swaziland","Hlatikulu","-26.9667","31.31667","1115"
"Swaziland","Hluti","-27.2167","31.61667","611"
"Swaziland","Kubuta","-26.8833","31.48333","555"
"Swaziland","Kwaluseni","-26.4833","31.33333","638"
"Swaziland","Lavumisa","-27.3167","31.9","167"
"Swaziland","Lobamba","-26.4667","31.2","651"
"Swaziland","Malkerns","-26.5667","31.18333","731"
"Swaziland","Manzini","-26.4833","31.36667","617"
"Swaziland","Mbabane","-26.3167","31.13333","1156"
"Swaziland","Mhlambanyatsi","-26.45","31.01667","1266"
"Swaziland","Mhlume","-26.0333","31.85","273"
"Swaziland","Nsoko","-27.0333","31.95","185"
"Swaziland","Piggs Peak","-25.9667","31.25","1058"
"Swaziland","Sidvokodvo","-26.6167","31.45","341"
"Swaziland","Siteki","-26.45","31.95","620"
"Swaziland","Tshaneni","-25.9833","31.71667","304"
"Sweden","Akersberga","59.47944","18.29967","10"
"Sweden","Alingsas","57.93033","12.53345","79"
"Sweden","Angelholm","56.2428","12.86219","7"
"Sweden","Arvika","59.65528","12.58518","48"
"Sweden","Avesta","60.14545","16.16785","90"
"Sweden","Balsta","59.5671","17.52781","47"
"Sweden","Boden","65.82518","21.68864","10"
"Sweden","Boras","57.72101","12.9401","166"
"Sweden","Borlaenge","60.4858","15.43714","124"
"Sweden","Enkoping","59.63607","17.07768","15"
"Sweden","Eskilstuna","59.36661","16.5077","22"
"Sweden","Eslov","55.83928","13.30393","56"
"Sweden","Falkenberg","56.90552","12.49118","3"
"Sweden","Falkoeping","58.17347","13.55068","229"
"Sweden","Falun","60.60357","15.62597","97"
"Sweden","Gavle","60.67452","17.14174","3"
"Sweden","Goteborg","57.70716","11.96679","6"
"Sweden","Halmstad","56.67446","12.85676","4"
"Sweden","Harnosand","62.63228","17.93794","25"
"Sweden","Hassleholm","56.15905","13.76638","77"
"Sweden","Helsingborg","56.04673","12.69437","28"
"Sweden","Hoganas","56.19971","12.55795","9"
"Sweden","Huddinge","59.23705","17.98192","28"
"Sweden","Hudiksvall","61.72897","17.10358","2"
"Sweden","Jakobsberg","59.42268","17.83508","27"
"Sweden","Jonkoping","57.78145","14.15618","114"
"Sweden","Kaevlinge","55.79188","13.11021","14"
"Sweden","Kalmar","56.66157","16.36163","6"
"Sweden","Karlshamn","56.1706","14.86188","14"
"Sweden","Karlskoga","59.32667","14.52386","106"
"Sweden","Karlskrona","56.16156","15.58661","1"
"Sweden","Karlstad","59.3793","13.50357","49"
"Sweden","Katrineholm","58.99587","16.2072","51"
"Sweden","Kinna","57.50728","12.69463","53"
"Sweden","Kiruna","67.85572","20.22513","579"
"Sweden","Kista","59.40316","17.94479","24"
"Sweden","Koping","59.51404","15.99255","22"
"Sweden","Kristianstad","56.03129","14.15242","5"
"Sweden","Kristinehamn","59.30978","14.10808","43"
"Sweden","Kumla","59.1277","15.14341","40"
"Sweden","Kungalv","57.87096","11.98054","52"
"Sweden","Kungsbacka","57.48719","12.07612","17"
"Sweden","Landskrona","55.8708","12.83016","7"
"Sweden","Lerum","57.77051","12.26904","48"
"Sweden","Lidingo","59.36667","18.13333","22"
"Sweden","Lidkoping","58.50517","13.15765","45"
"Sweden","Linkoping","58.41667","15.61667","33"
"Sweden","Ljungby","56.83324","13.94082","139"
"Sweden","Ludvika","60.14959","15.18776","143"
"Sweden","Lulea","65.58415","22.15465","17"
"Sweden","Lund","55.7028","13.19273","47"
"Sweden","Majorna","57.69195","11.91605","21"
"Sweden","Malmoe","55.60587","13.00073","10"
"Sweden","Mariestad","58.70971","13.82367","46"
"Sweden","Marsta","59.61667","17.85","24"
"Sweden","Moelndal","57.6554","12.01377","6"
"Sweden","Molnlycke","57.65893","12.11792","91"
"Sweden","Motala","58.53706","15.03649","94"
"Sweden","Nacka","59.31053","18.16372","57"
"Sweden","Nassjo","57.65307","14.69676","307"
"Sweden","Norrkoping","58.59419","16.1826","2"
"Sweden","Norrtalje","59.75799","18.70496","26"
"Sweden","Nykoping","58.753","17.00788","17"
"Sweden","Nynashamn","58.90337","17.94793","1"
"Sweden","Orebro","59.27412","15.2066","30"
"Sweden","Ornskoldsvik","63.29091","18.71525","1"
"Sweden","Oskarshamn","57.26455","16.44837","25"
"Sweden","Ostersund","63.1792","14.63566","328"
"Sweden","Partille","57.7395","12.10642","29"
"Sweden","Pitea","65.31717","21.47944","6"
"Sweden","Sandviken","60.61667","16.76667","66"
"Sweden","Skelleftea","64.75067","20.9528","34"
"Sweden","Skoevde","58.39118","13.84506","139"
"Sweden","Skoghall","59.32324","13.46552","50"
"Sweden","Soedertaelje","59.19554","17.62525","35"
"Sweden","Sollentuna","59.42804","17.95093","10"
"Sweden","Staffanstorp","55.64406","13.20815","13"
"Sweden","Stockholm","59.33258","18.0649","20"
"Sweden","Strangnas","59.37741","17.03119","1"
"Sweden","Sundbyberg","59.36128","17.97114","27"
"Sweden","Sundsvall","62.39129","17.3063","26"
"Sweden","Taby","59.4439","18.06872","8"
"Sweden","Tranas","58.03717","14.9782","154"
"Sweden","Trelleborg","55.37514","13.15691","9"
"Sweden","Trollhattan","58.28365","12.28864","56"
"Sweden","Tumba","59.19858","17.83317","48"
"Sweden","Uddevalla","58.34784","11.9424","25"
"Sweden","Umea","63.82842","20.25972","24"
"Sweden","Upplands-Vasby","59.5204","17.90827","8"
"Sweden","Uppsala","59.8585","17.64543","10"
"Sweden","Vaestervik","57.7584","16.63733","5"
"Sweden","Vaexjoe","56.87767","14.80906","185"
"Sweden","Vallentuna","59.53436","18.07759","15"
"Sweden","Vanersborg","58.38075","12.3234","60"
"Sweden","Varberg","57.10557","12.25078","31"
"Sweden","Varnamo","57.18604","14.04001","162"
"Sweden","Vasteras","59.61617","16.55276","17"
"Sweden","Vasterhaninge","59.11667","18.1","39"
"Sweden","Visby","57.64089","18.29602","46"
"Sweden","Ystad","55.42966","13.82041","8"
"Switzerland","Aarau","47.38333","8.05","406"
"Switzerland","Adliswil","47.30997","8.524625","452"
"Switzerland","Allschwil","47.55","7.533333","311"
"Switzerland","Aussersihl","47.37752","8.521269","409"
"Switzerland","Baar","47.2","8.516666","445"
"Switzerland","Baden","47.47333","8.305922","369"
"Switzerland","Basel","47.56667","7.6","257"
"Switzerland","Bellinzona","46.19278","9.017029","228"
"Switzerland","Bern","46.94809","7.447443","527"
"Switzerland","Biel","47.1324","7.24411","433"
"Switzerland","Binningen","47.54021","7.569323","314"
"Switzerland","Bulach","47.52197","8.540495","421"
"Switzerland","Burgdorf","47.05901","7.627859","592"
"Switzerland","Carouge","46.18096","6.139212","412"
"Switzerland","Cham","47.18333","8.466667","413"
"Switzerland","Chur","46.84986","9.532871","631"
"Switzerland","Dietikon","47.40165","8.400146","386"
"Switzerland","Dubendorf","47.39724","8.618716","440"
"Switzerland","Einsiedeln","47.11667","8.75","1036"
"Switzerland","Emmen","47.08333","8.3","433"
"Switzerland","Frauenfeld","47.55","8.9","478"
"Switzerland","Freienbach","47.20534","8.758421","411"
"Switzerland","Fribourg","46.8","7.15","562"
"Switzerland","Geneve","46.20222","6.145692","375"
"Switzerland","Gossau","47.41667","9.25","669"
"Switzerland","Grenchen","47.1921","7.395859","465"
"Switzerland","Herisau","47.38615","9.279156","804"
"Switzerland","Horgen","47.25579","8.600272","425"
"Switzerland","Jona","47.22983","8.838844","417"
"Switzerland","Kloten","47.45152","8.584907","450"
"Switzerland","Koniz","46.92436","7.41457","606"
"Switzerland","Kreuzlingen","47.65","9.183333","407"
"Switzerland","Kriens","47.03333","8.283333","474"
"Switzerland","La Chaux-de-Fonds","47.09993","6.825857","1034"
"Switzerland","Lancy","46.18981","6.114407","394"
"Switzerland","Langenthal","47.21667","7.783333","468"
"Switzerland","Lausanne","46.516","6.632824","429"
"Switzerland","Le Chatelard","46.45","6.916667","822"
"Switzerland","Littau","47.05","8.25","616"
"Switzerland","Locarno","46.17086","8.799534","196"
"Switzerland","Lugano","46.01008","8.960037","315"
"Switzerland","Luzern","47.05048","8.306351","435"
"Switzerland","Martigny-Ville","46.10276","7.072449","468"
"Switzerland","Meyrin","46.22842","6.070976","435"
"Switzerland","Monthey","46.25","6.95","466"
"Switzerland","Montreux","46.43301","6.91143","394"
"Switzerland","Morges","46.51127","6.498542","370"
"Switzerland","Muttenz","47.52271","7.645111","363"
"Switzerland","Neuchatel","47","6.966667","429"
"Switzerland","Nyon","46.38318","6.239548","370"
"Switzerland","Oberwinterthur (Kreis 2)","47.51692","8.768635","463"
"Switzerland","Olten","47.35","7.916667","459"
"Switzerland","Onex","46.18333","6.1","395"
"Switzerland","Pratteln","47.52071","7.693563","292"
"Switzerland","Pully","46.51027","6.661835","448"
"Switzerland","Rapperswil","47.22557","8.822279","414"
"Switzerland","Renens","46.53333","6.583334","411"
"Switzerland","Sankt Gallen","47.42971","9.376144","671"
"Switzerland","Schaffhausen","47.7","8.633333","399"
"Switzerland","Schwyz","47.01667","8.65","564"
"Switzerland","Seen (Kreis 3)","47.47646","8.769965","511"
"Switzerland","Sierre","46.29192","7.535591","543"
"Switzerland","Sion","46.23333","7.35","496"
"Switzerland","Solothurn","47.20791","7.537136","435"
"Switzerland","Stadt Winterthur (Kreis 1)","47.49494","8.719545","457"
"Switzerland","Steffisburg","46.78333","7.633333","589"
"Switzerland","Thalwil","47.29175","8.563505","406"
"Switzerland","Thonex","46.18815","6.199036","417"
"Switzerland","Thun","46.75","7.616667","560"
"Switzerland","Uster","47.34713","8.720911","478"
"Switzerland","Vernier","46.21702","6.084967","421"
"Switzerland","Vevey","46.46116","6.843281","412"
"Switzerland","Wadenswil","47.22683","8.668704","406"
"Switzerland","Wettingen","47.46667","8.316667","420"
"Switzerland","Wil","47.46152","9.045525","575"
"Switzerland","Winterthur","47.5","8.75","456"
"Switzerland","Wohlen","47.36667","8.283333","456"
"Switzerland","Yverdon-les-Bains","46.78333","6.65","459"
"Switzerland","Zuerich (Kreis 10)","47.40773","8.500499","540"
"Switzerland","Zuerich (Kreis 10) / Hoengg","47.40313","8.497105","504"
"Switzerland","Zuerich (Kreis 10) / Wipkingen","47.39503","8.525291","466"
"Switzerland","Zuerich (Kreis 11)","47.42326","8.521659","450"
"Switzerland","Zuerich (Kreis 11) / Affoltern","47.41814","8.5122","450"
"Switzerland","Zuerich (Kreis 11) / Oerlikon","47.40823","8.542576","458"
"Switzerland","Zuerich (Kreis 11) / Seebach","47.42181","8.547792","430"
"Switzerland","Zuerich (Kreis 12)","47.40372","8.576079","428"
"Switzerland","Zuerich (Kreis 2)","47.33756","8.521101","434"
"Switzerland","Zuerich (Kreis 2) / Wollishofen","47.3401","8.531339","426"
"Switzerland","Zuerich (Kreis 3)","47.35785","8.502961","462"
"Switzerland","Zuerich (Kreis 3) / Alt-Wiedikon","47.36201","8.514973","420"
"Switzerland","Zuerich (Kreis 3) / Sihlfeld","47.37382","8.511639","416"
"Switzerland","Zuerich (Kreis 6)","47.39223","8.543807","530"
"Switzerland","Zuerich (Kreis 6) / Unterstrass","47.3953","8.537212","485"
"Switzerland","Zuerich (Kreis 7)","47.37328","8.580377","662"
"Switzerland","Zuerich (Kreis 8)","47.3548","8.560973","467"
"Switzerland","Zuerich (Kreis 9)","47.38245","8.479932","418"
"Switzerland","Zuerich (Kreis 9) / Albisrieden","47.37398","8.490074","432"
"Switzerland","Zuerich (Kreis 9) / Altstetten","47.38946","8.485329","401"
"Switzerland","Zug","47.16667","8.516666","503"
"Switzerland","Zurich","47.36667","8.55","472"
"Syria","Abu aZ Zuhur","35.74058","37.0448",""
"Syria","Abu Qalqal","36.43806","38.11984",""
"Syria","Ad Daliyah","35.23605","36.14371",""
"Syria","Ad Dana","36.21252","36.76978",""
"Syria","Ad Darbasiyah","37.07279","40.65199",""
"Syria","Ad Dimas","33.58739","36.09262",""
"Syria","Ad dumayr","33.64389","36.69376",""
"Syria","Ad Duraykish","34.89514","36.14303",""
"Syria","Afrin","36.51194","36.86954",""
"Syria","Akhtarin","36.51072","37.33571",""
"Syria","Al Annazah","35.19503","36.06571",""
"Syria","Al Arimah","36.474","37.7193",""
"Syria","Al Asharah","34.92133","40.56007",""
"Syria","Al Atarib","36.13895","36.82499",""
"Syria","Al Bab","36.37051","37.5157",""
"Syria","Al Bahluliyah","35.63679","35.96022",""
"Syria","Al Bariqiyah","34.82924","36.22864",""
"Syria","Al BuSayrah","35.15618","40.42716",""
"Syria","Al ButayHah","32.90871","35.63199",""
"Syria","Al Fakhurah","35.49846","36.00955",""
"Syria","Al Furqlus","34.60638","37.08745",""
"Syria","Al Ghandurah","36.66945","37.73251",""
"Syria","Al Ghariyah","32.39332","36.65067",""
"Syria","Al Ghizlaniyah","33.39671","36.45491",""
"Syria","Al Hadir","35.99024","37.05086",""
"Syria","Al Haffah","35.59824","36.03006",""
"Syria","Al Hajar al Aswad","33.45759","36.30419",""
"Syria","Al Hajib","35.86409","37.3968",""
"Syria","Al Hamidiyah","34.71255","35.94495",""
"Syria","Al Hamra","35.315","37.08632",""
"Syria","Al Harak","32.74932","36.30994",""
"Syria","Al Hasakah","36.50237","40.74772",""
"Syria","Al Hawash","34.76004","36.32127",""
"Syria","Al Hawl","36.39042","41.14983",""
"Syria","Al Hinadi","35.51324","35.8744",""
"Syria","Al Jala","34.63346","40.84054",""
"Syria","Al Janudiyah","35.88411","36.291",""
"Syria","Al Jarniyah","36.17191","38.24717",""
"Syria","Al Jawadiyah","36.9866","41.82015",""
"Syria","Al Jizah","32.56909","36.31551",""
"Syria","Al Karamah","35.86866","39.27803",""
"Syria","Al Karimah","34.66941","36.07546",""
"Syria","Al Kasrah","35.56743","39.9202",""
"Syria","Al Khafsah","36.2311","38.02172",""
"Syria","Al Khushniyah","32.99941","35.81084",""
"Syria","Al Kiswah","33.3581","36.2419",""
"Syria","Al Kuraydiyah","35.56852","35.74712",""
"Syria","Al Mabatli","36.56252","36.74189",""
"Syria","Al Malikiyah","37.17701","42.14006",""
"Syria","Al ManSurah","35.83917","38.74288",""
"Syria","Al Mayadin","35.01982","40.45154",""
"Syria","Al Mazraah","32.78398","36.47696",""
"Syria","Al Mulayhah","33.48522","36.37561",""
"Syria","Al Musayfirah","32.63205","36.33934",""
"Syria","Al Mushannaf","32.73932","36.77473",""
"Syria","Al Muzayriah","35.5318","36.07003",""
"Syria","Al Muzayrib","32.70938","36.02635",""
"Syria","Al Qabw","34.84324","36.45493",""
"Syria","Al Qadmus","35.09855","36.15984",""
"Syria","Al QaHtaniyah","37.029","41.54596",""
"Syria","Al Qamishli","37.05215","41.23142",""
"Syria","Al QamSiyah","35.03357","36.01455",""
"Syria","Al QardaHah","35.45644","36.05909",""
"Syria","Al Qaryatayn","34.22956","37.24066",""
"Syria","Al Qunaytirah","33.12595","35.82461",""
"Syria","Al Qurayya","32.54337","36.59776",""
"Syria","Al QuSayr","34.5078","36.58029",""
"Syria","Al Qutayfah","33.73849","36.60071",""
"Syria","Al Qutaylibiyah","35.29203","36.01592",""
"Syria","Al Yarubiyah","36.81138","42.06206",""
"Syria","albu Kamal","34.45226","40.91854",""
"Syria","Aleppo","36.20124","37.16117",""
"Syria","amuda","37.10417","40.93",""
"Syria","An Nabk","34.02403","36.72848",""
"Syria","An Nashabiyah","33.51051","36.48569",""
"Syria","An NaSirah","34.78769","36.28559",""
"Syria","Ar Rai","36.61182","37.4478",""
"Syria","Ar Raqqah","35.95283","39.00788",""
"Syria","Ar Rastan","34.92667","36.73241",""
"Syria","Ar Rawdah","35.07204","35.91375",""
"Syria","Ar Riqama","34.53879","36.91909",""
"Syria","Ar Ruhaybah","33.74424","36.70394",""
"Syria","AriHa","35.81374","36.60964",""
"Syria","Ariqah","32.88981","36.48336",""
"Syria","Arishah","36.23154","40.77214",""
"Syria","Armanaz","36.08305","36.50309",""
"Syria","Arwad","34.85604","35.85854",""
"Syria","As Sab Biyar","33.77974","37.68357",""
"Syria","As Sabkhah","35.81182","39.26268",""
"Syria","As Safirah","36.07696","37.37251",""
"Syria","AS SafSafah","34.73481","36.05318",""
"Syria","As Salamiyah","35.01127","37.05324",""
"Syria","AS Sanamayn","33.07186","36.18316",""
"Syria","As Sawda","34.98151","35.94414",""
"Syria","As Siin","35.26375","37.37402",""
"Syria","As Sisniyah","34.78109","36.14298",""
"Syria","As Sukhnah","34.8846","38.87491",""
"Syria","As Suqaylibiyah","35.36674","36.39359",""
"Syria","AS Surah aS Saghirah","33.03248","36.5742",""
"Syria","As Susah","34.53366","40.95819",""
"Syria","AS Suwar","35.50635","40.66177",""
"Syria","As Suwayda","32.70896","36.56951",""
"Syria","Ash Shaddadah","36.05757","40.73478",""
"Syria","Ash Shajarah","32.77411","35.88203",""
"Syria","Ash Shaykh Badr","34.99174","36.0835",""
"Syria","Ash Shaykh Miskin","32.82944","36.15933",""
"Syria","Assal al Ward","33.86453","36.4139",""
"Syria","At Tall","33.61033","36.3107",""
"Syria","At Tamaniah","35.45846","36.74816",""
"Syria","At tawaHin","35.12751","36.21444",""
"Syria","At Tibni","35.6117","39.8181",""
"Syria","Ath Thawrah","35.83453","38.54659",""
"Syria","Awaj","34.90704","36.40444",""
"Syria","Ayn al Arab","36.89095","38.35347",""
"Syria","Ayn al Bayda","35.65599","35.88871",""
"Syria","Ayn al Fijah","33.61529","36.18285",""
"Syria","Ayn an Nasr","34.84113","36.92837",""
"Syria","Ayn ash Sharqiyah","35.33169","36.09973",""
"Syria","Ayn at Tinah","35.56445","36.10098",""
"Syria","Ayn Halaqim","34.93998","36.32212",""
"Syria","Ayn isa","36.3855","38.86228",""
"Syria","Ayn Shiqaq","35.39441","36.03012",""
"Syria","Az Zabadani","33.72488","36.1005",""
"Syria","Az Zarbah","36.06763","36.97987",""
"Syria","Az Ziyarah","35.68482","36.33867",""
"Syria","Babila","33.47101","36.33076",""
"Syria","Banan","35.97358","37.30234",""
"Syria","Baniyas","35.18188","35.94871",""
"Syria","Barri ash Sharqi","34.98099","37.20096",""
"Syria","Bayt Yashut","35.31025","36.11523",""
"Syria","Bdama","35.81151","36.19649",""
"Syria","Binnish","35.95664","36.7138",""
"Syria","Bir al Hulw al Wardiyah","36.69694","41.03528",""
"Syria","Brummanat al Mashayikh","35.01883","36.17083",""
"Syria","Bulbul","36.76947","36.81969",""
"Syria","BuSra ash Sham","32.52013","36.48256",""
"Syria","Dail","32.75466","36.12959",""
"Syria","Damascus","33.51253","36.27802",""
"Syria","Dara","32.61889","36.10213",""
"Syria","Darat Izzah","36.28247","36.85216",""
"Syria","Darayya","33.45835","36.23256",""
"Syria","Darkush","35.99168","36.39416",""
"Syria","Dayr Atiyah","34.09541","36.76791",""
"Syria","Dayr az Zawr","35.33389","40.14181",""
"Syria","Dayr Hafir","36.15694","37.70778",""
"Syria","Dhiban","35.01498","40.51028",""
"Syria","Dhibin","32.43842","36.56552",""
"Syria","Duma","33.57175","36.4027",""
"Syria","Duwayr Raslan","34.9491","36.18179",""
"Syria","Fiq","32.77935","35.70032",""
"Syria","Ghabaghib","33.18235","36.22534",""
"Syria","Hadidah","34.67337","36.39734",""
"Syria","Hajin","34.69508","40.83138",""
"Syria","Hamah","35.13179","36.75783",""
"Syria","Hammam WaSil","35.07437","36.08677",""
"Syria","Harasta","33.55869","36.36515",""
"Syria","Harbinafsah","34.93745","36.62243",""
"Syria","Harf al Musaytirah","35.38808","36.13439",""
"Syria","Harim","36.21176","36.52078",""
"Syria","Harran al Awamid","33.44885","36.56002",""
"Syria","Himmin","34.90036","36.0401",""
"Syria","Hish","35.54793","36.64356",""
"Syria","Hisya","34.41197","36.75867",""
"Syria","Homs","34.72682","36.72339",""
"Syria","Huraytan","36.28861","37.08527",""
"Syria","Idlib","35.93062","36.63393",""
"Syria","IHsim","35.72078","36.55631",""
"Syria","Irbin","33.53719","36.36635",""
"Syria","Izaz","36.58662","37.04628",""
"Syria","Izra","32.8706","36.25453",""
"Syria","Jablah","35.36211","35.92759",""
"Syria","Jarabulus","36.8175","38.01111",""
"Syria","Jaramana","33.48621","36.34614",""
"Syria","Jasim","32.99233","36.06018",""
"Syria","Jawbat Burghal","35.48995","36.17473",""
"Syria","Jayrud","33.80709","36.73861",""
"Syria","Jindayris","36.39535","36.6889",""
"Syria","Jisr ash Shughur","35.81426","36.32062",""
"Syria","Jubb al JarraH","34.83444","37.32396",""
"Syria","Jubb Ramlah","35.20922","36.43104",""
"Syria","Junaynat Raslan","34.92789","36.124",""
"Syria","Kafr Batna","33.51168","36.37273",""
"Syria","Kafr Nubl","35.61376","36.56449",""
"Syria","Kafr Takharim","36.1168","36.51522",""
"Syria","Kafr Zayta","35.37425","36.6033",""
"Syria","Kassab","35.92639","35.9897",""
"Syria","Khan Arnabah","33.18378","35.89158",""
"Syria","Khan Shaykhun","35.44208","36.65095",""
"Syria","KhanaSir","35.78159","37.49919",""
"Syria","Khirbat al Maazzah","34.80454","36.00077",""
"Syria","Khirbat Ghazalah","32.73376","36.20455",""
"Syria","Khirbat Tin Nur","34.70122","36.55659",""
"Syria","Khusham","35.30088","40.28916",""
"Syria","Kinnsibba","35.7441","36.164",""
"Syria","Kurnaz","35.38972","36.48773",""
"Syria","Kuwayris Sharqi","36.16685","37.53815",""
"Syria","Latakia","35.53168","35.79011",""
"Syria","Maarrat an Numan","35.6483","36.67693",""
"Syria","MaarratmiSrin","36.01152","36.67183",""
"Syria","Madan","35.7552","39.59835",""
"Syria","Madaya","33.69032","36.10354",""
"Syria","Mahin","34.24168","37.05843",""
"Syria","MalaH","32.50795","36.85719",""
"Syria","Malula","33.84529","36.54514",""
"Syria","Manbij","36.52815","37.95495",""
"Syria","Mari","36.48259","37.19709",""
"Syria","Markadah","35.74607","40.75304",""
"Syria","Masadah","33.23203","35.75572",""
"Syria","Mashta al Hulw","34.87462","36.25099",""
"Syria","Maskanah","35.96046","38.04016",""
"Syria","Masyaf","35.0653","36.3406",""
"Syria","Mazraat Bayt Jinn","33.32836","35.92144",""
"Syria","Mismiyah","33.12902","36.39402",""
"Syria","MuH Hasan","35.23349","40.3166",""
"Syria","MuHambal","35.78668","36.4726",""
"Syria","Muhradah","35.2479","36.57251",""
"Syria","Mukharram al Fawqani","34.81521","37.08677",""
"Syria","Nawa","32.89044","36.0399",""
"Syria","Nubl","36.37867","36.99294",""
"Syria","Qadsayya","33.54832","36.21564",""
"Syria","Qalat al Madiq","35.41465","36.39085",""
"Syria","Qastal Maaf","35.82439","35.95193",""
"Syria","Qatana","33.43757","36.07888",""
"Syria","Qurqina","36.13849","36.61247",""
"Syria","Rabiah","35.78656","36.03825",""
"Syria","Raju","36.67598","36.66415",""
"Syria","Rankus","33.75623","36.3883",""
"Syria","Ras al Ayn","36.85034","40.07056",""
"Syria","Ras al Khashufah","34.82653","36.05167",""
"Syria","Rasm al Harmal","36.24486","37.71608",""
"Syria","Sabbah","34.90292","36.23711",""
"Syria","Sabburah","35.15595","37.20908",""
"Syria","Sadad","34.31248","36.92562",""
"Syria","Safita","34.82099","36.11773",""
"Syria","Sahnaya","33.42531","36.22552",""
"Syria","Salkhad","32.492","36.71114",""
"Syria","Salqin","36.13951","36.45413",""
"Syria","Saraqib","35.86447","36.80591",""
"Syria","Sarmin","35.90403","36.72501",""
"Syria","Sasa","33.28198","36.01947",""
"Syria","Saydnaya","33.69473","36.37146",""
"Syria","Shahba","32.85514","36.62896",""
"Syria","Shaqqa","32.89774","36.69653",""
"Syria","Sharan","36.62337","36.9366",""
"Syria","ShatHah","35.50509","36.24377",""
"Syria","Shaykh al Hadid","36.50069","36.59945",""
"Syria","Shin","34.77863","36.42366",""
"Syria","Shuyukh TaHtani","36.75059","38.07676",""
"Syria","Sinjar","35.59011","37.00472",""
"Syria","Sirghaya","33.8104","36.15787",""
"Syria","Sirrin ash Shamaliyah","36.58838","38.29788",""
"Syria","Slinfah","35.59822","36.1877",""
"Syria","Suluk","36.59596","39.1299",""
"Syria","Suran","36.56579","37.2127",""
"Syria","Suran","35.29193","36.74848",""
"Syria","Tadif","36.34814","37.5309",""
"Syria","Tadmur","34.5624","38.28402",""
"Syria","Taftanaz","35.99832","36.78579",""
"Syria","Talin","35.14849","36.03288",""
"Syria","Tall Abyad","36.69648","38.95382",""
"Syria","Tall ad daman","35.80776","37.25378",""
"Syria","Tall Hamis","36.75678","41.39943",""
"Syria","Tall Rifat","36.47229","37.09471",""
"Syria","Tall SalHab","35.25884","36.38461",""
"Syria","Tall Tamr","36.65556","40.37079",""
"Syria","Tallbisah","34.84072","36.73092",""
"Syria","Talldaww","34.87632","36.524",""
"Syria","Tallkalakh","34.66842","36.25995",""
"Syria","tartus","34.88902","35.88659",""
"Syria","Tasil","32.83395","35.96973",""
"Syria","Uqayribat","35.0431","37.46442",""
"Syria","Wadi al Uyun","34.9942","36.19142",""
"Syria","Yabrud","33.96921","36.65729",""
