"Gabon","Bitam","2.083333","11.48333","448"
"Gabon","Booue","-0.1","11.93333","179"
"Gabon","Cocobeach","0.983333","9.6","177"
"Gabon","Fougamou","-1.21667","10.6","108"
"Gabon","Franceville","-1.63333","13.58333","332"
"Gabon","Gamba","-2.65","10","8"
"Gabon","Koulamoutou","-1.13333","12.48333","350"
"Gabon","Lambarene","-0.7","10.21667","46"
"Gabon","Lastoursville","-0.81667","12.7","207"
"Gabon","Lekoni","-1.58333","14.23333","562"
"Gabon","Libreville","0.383333","9.45","-9999"
"Gabon","Makokou","0.566667","12.86667","356"
"Gabon","Mayumba","-3.41667","10.65","1"
"Gabon","Mbigou","-1.88333","11.93333","833"
"Gabon","Mimongo","-1.63333","11.65","627"
"Gabon","Mitzic","0.783333","11.56667","550"
"Gabon","Moanda","-1.56667","13.2","331"
"Gabon","Mouila","-1.86667","11.01667","157"
"Gabon","Mounana","-1.43333","13.16667","304"
"Gabon","Ndende","-2.38333","11.38333","540"
"Gabon","Ndjole","-0.18333","10.75","112"
"Gabon","Ntoum","0.383333","9.783333","171"
"Gabon","Okondja","-0.68333","13.78333","336"
"Gabon","Omboue","-1.56667","9.25","1"
"Gabon","Oyem","1.616667","11.58333","552"
"Gabon","Port-Gentil","-0.71667","8.783333","1"
"Gabon","Tchibanga","-2.85","11.03333","163"
"Gambia, The","Abuko","13.40417","-16.6558","27"
"Gambia, The","Bajana","13.31667","-15.8833","46"
"Gambia, The","Bakadagy","13.3","-14.3833","15"
"Gambia, The","Bakau","13.47806","-16.6819","33"
"Gambia, The","Bambali","13.48333","-15.3333","23"
"Gambia, The","Banjul","13.45641","-16.5813","5"
"Gambia, The","Bansang","13.43333","-14.65","5"
"Gambia, The","Bantang Killing","13.58333","-15.7","39"
"Gambia, The","Bantanto","13.41667","-14.65","23"
"Gambia, The","Banto Nding","13.46667","-14.0833","22"
"Gambia, The","Baro Kunda","13.48333","-15.2667","31"
"Gambia, The","Barra","13.48278","-16.5456","1"
"Gambia, The","Basse Santa Su","13.31667","-14.2167","23"
"Gambia, The","Bati Ndar","13.7","-15.2","8"
"Gambia, The","Brifu","13.5","-13.9333","54"
"Gambia, The","Brikama","13.2675","-16.6461","33"
"Gambia, The","Brikama Nding","13.53333","-14.9333","28"
"Gambia, The","Buniadu","13.55","-15.3333","20"
"Gambia, The","Bureng","13.41667","-15.2833","22"
"Gambia, The","Cha Kunda","13.38333","-14.5333","9"
"Gambia, The","Chilla","13.55","-16.2833","40"
"Gambia, The","Daba Kunda","13.31667","-14.3","8"
"Gambia, The","Dankunku","13.56667","-15.3167","25"
"Gambia, The","Daru Rilwan","13.55","-15.9833","47"
"Gambia, The","Demba Kunda","13.25","-14.2667","20"
"Gambia, The","Denton","13.5","-14.9333","20"
"Gambia, The","Diabugu","13.38333","-14.4","12"
"Gambia, The","Diabugu Basilla","13.33333","-13.95","19"
"Gambia, The","Diganteh","13.36667","-15.4333","41"
"Gambia, The","Dobbo","13.46667","-14.6333","15"
"Gambia, The","Dumbutu","13.35","-15.8333","39"
"Gambia, The","Essau","13.48389","-16.5347","2"
"Gambia, The","Farafenni","13.56667","-15.6","26"
"Gambia, The","Fass","13.8","-15.0667","29"
"Gambia, The","Galleh Manda","13.43333","-14.7833","49"
"Gambia, The","Gambissara","13.23333","-14.3167","49"
"Gambia, The","Georgetown","13.53333","-14.7667","6"
"Gambia, The","Gunjur","13.20194","-16.7339","34"
"Gambia, The","Gunjur","13.52278","-16.0278","30"
"Gambia, The","Gunjur Kuta","13.53333","-14.1167","30"
"Gambia, The","Jakaba","13.65","-14.8833","17"
"Gambia, The","Jakhaly","13.55","-14.9667","20"
"Gambia, The","Jali","13.35","-15.9667","38"
"Gambia, The","Janneh Kunda","13.38028","-16.1383","12"
"Gambia, The","Jarreng","13.61667","-15.1833","10"
"Gambia, The","Jarrol","13.24412","-15.8455","36"
"Gambia, The","Jassong","13.4","-15.3167","44"
"Gambia, The","Jenoi","13.48333","-15.5667","2"
"Gambia, The","Jifarong","13.3","-15.8667","8"
"Gambia, The","Jiffin","13.41667","-15.5833","34"
"Gambia, The","Kaiaf","13.4","-15.6167","52"
"Gambia, The","Karantaba","13.43333","-15.5167","24"
"Gambia, The","Kass Wollof","13.78333","-14.9333","36"
"Gambia, The","Katchang","13.5","-15.75","26"
"Gambia, The","Keneba","13.32889","-16.015","32"
"Gambia, The","Kerewan","13.48944","-16.0911","7"
"Gambia, The","Koina","13.48333","-13.8667","13"
"Gambia, The","Kumbija","13.26667","-14.1833","26"
"Gambia, The","Kuntaur","13.66667","-14.8833","1"
"Gambia, The","Kunting","13.53333","-14.6667","6"
"Gambia, The","Lamin","13.35222","-16.4339","27"
"Gambia, The","Madina","13.7","-14.8833","12"
"Gambia, The","Madina Tunjang","13.43333","-14.75","36"
"Gambia, The","Mara Magai","13.51667","-14.9167","11"
"Gambia, The","Massembe","13.41667","-15.6333","2"
"Gambia, The","Medina Kanuma","13.49278","-16.5233","21"
"Gambia, The","Nema Kunku","13.25","-15.8833","16"
"Gambia, The","Nioro","13.35","-15.75","33"
"Gambia, The","No Kunda","13.56667","-15.8333","33"
"Gambia, The","Nyamanari","13.33333","-13.8667","37"
"Gambia, The","Pateh Sam","13.61667","-15.0667","15"
"Gambia, The","Perai","13.38333","-14.0333","16"
"Gambia, The","Saba","13.51639","-16.0492","1"
"Gambia, The","Sabi","13.23333","-14.2","30"
"Gambia, The","Sambang","13.53333","-15.3333","2"
"Gambia, The","Sami","13.58333","-15.2","22"
"Gambia, The","Sankwia","13.46667","-15.5167","2"
"Gambia, The","Sanunding","13.28333","-14.1167","8"
"Gambia, The","Sara Kunda","13.53333","-15.4167","23"
"Gambia, The","Saruja","13.55","-14.9167","25"
"Gambia, The","Si Kunda","13.43333","-15.5667","38"
"Gambia, The","Sibito","13.38333","-15.7333","42"
"Gambia, The","Sintet","13.23333","-15.8167","6"
"Gambia, The","Soma","13.43333","-15.5333","33"
"Gambia, The","Somita","13.20583","-16.3056","41"
"Gambia, The","Sudowol","13.36667","-13.9667","38"
"Gambia, The","Sukuta","13.41139","-16.7089","22"
"Gambia, The","Sukuta","13.61667","-14.9167","13"
"Gambia, The","Sulolor","13.45","-14.6667","53"
"Gambia, The","Sun Kunda","13.38333","-13.85","60"
"Gambia, The","Sutukoba","13.5","-14.0167","21"
"Gambia, The","Sutukung","13.46667","-15.2667","18"
"Gambia, The","Tambana","13.50528","-16.1744","34"
"Gambia, The","Tankular","13.41778","-16.0369","-9999"
"Gambia, The","Toniataba","13.43333","-15.5833","22"
"Gambia, The","Tuba Koto","13.63333","-14.9","27"
"Gambia, The","Tuba-Wuli","13.43333","-14.25","8"
"Gambia, The","Wassu","13.68333","-14.8833","1"
"Gambia, The","Wellingara Ba","13.41667","-15.4","31"
"Georgia","Abasha","42.19417","42.22417","30"
"Georgia","Abastumani","41.7","42.85","1248"
"Georgia","Adigeni","41.68583","42.71028","1347"
"Georgia","Agara","42.035","43.83528","633"
"Georgia","Akhaldaba","41.65306","42.15805","867"
"Georgia","Akhalgori","42.12417","44.48583","1041"
"Georgia","Akhmeta","42.03111","45.2075","572"
"Georgia","Ambrolauri","42.52111","43.16222","654"
"Georgia","Aspindza","41.57389","43.25611","1183"
"Georgia","Bagdadi","41.81667","46.03333","254"
"Georgia","Bakuriani","41.74972","43.5325","1692"
"Georgia","Bakurianis Andeziti","41.73389","43.47028","1600"
"Georgia","Bediani","41.54417","44.24445","969"
"Georgia","Borjomi","41.8375","43.37917","864"
"Georgia","Didi Lilo","41.73639","44.96583","782"
"Georgia","Dioknisi","41.63111","42.41528","1262"
"Georgia","Dmanisi","41.52278","44.35333","1165"
"Georgia","Gagra","43.32833","40.22389","177"
"Georgia","Gali","42.62611","41.7325","63"
"Georgia","Gardabani","41.45472","45.09472","312"
"Georgia","Gori","41.97361","44.11111","576"
"Georgia","Gurjaani","41.74306","45.80278","375"
"Georgia","Java","42.39972","43.93667","1280"
"Georgia","Jvari","42.71389","42.05361","389"
"Georgia","Kaspi","41.91611","44.42417","523"
"Georgia","Khashuri","41.99111","43.59","695"
"Georgia","Khobi","42.31806","41.89806","14"
"Georgia","Khoni","42.32417","42.43","121"
"Georgia","Khulo","41.64639","42.31111","776"
"Georgia","Kobuleti","41.82","41.77528","3"
"Georgia","Kojori","41.66083","44.69167","1331"
"Georgia","Kulashi","42.20417","42.35667","46"
"Georgia","Kvaisi","42.52306","43.64861","1473"
"Georgia","Lagodekhi","41.82278","46.27555","438"
"Georgia","Lajanurhesi","42.61806","42.83556","808"
"Georgia","Lentekhi","42.78556","42.72611","844"
"Georgia","Makhinjauri","41.67528","41.69472","47"
"Georgia","Manglisi","41.69306","44.37806","1188"
"Georgia","Marneuli","41.46361","44.81083","400"
"Georgia","Martvili","42.41528","42.37389","196"
"Georgia","Mestia","43.04556","42.72972","1417"
"Georgia","Naghvarevi","41.34944","44.75639","564"
"Georgia","Naruja","41.90694","41.95417","115"
"Georgia","Ninotsminda","41.26694","43.59056","1923"
"Georgia","Oni","42.57944","43.4425","952"
"Georgia","Patara-Kharagauli","42.01667","43.21667","598"
"Georgia","Qornisi","42.27083","43.8175","1028"
"Georgia","Qvareli","41.95139","45.80167","453"
"Georgia","Sagarejo","41.73639","45.33028","764"
"Georgia","Samtredia","42.1537","42.33517","33"
"Georgia","Senaki","42.26889","42.07917","36"
"Georgia","Shatili","42.65833","45.16","1952"
"Georgia","Shorapani","42.09583","43.11555","228"
"Georgia","Shuakhevi","41.63","42.19083","520"
"Georgia","Sighnaghi","41.61889","45.92167","654"
"Georgia","Sioni","42.60722","44.58528","1944"
"Georgia","Sokhumi","43.00333","41.01528","19"
"Georgia","Stantsiya Novyy Afon","43.08056","40.83833","22"
"Georgia","Surami","42.0225","43.55556","731"
"Georgia","Tbilisi","41.725","44.79083","420"
"Georgia","Tqibuli","42.34417","42.99","556"
"Georgia","Tsaghveri","41.80472","43.48195","1107"
"Georgia","Tsalenjikha","42.60444","42.07722","254"
"Georgia","Tsalka","41.59139","44.08694","1570"
"Georgia","Tskhinvali","42.23","43.97","873"
"Georgia","Tsnori","41.61694","45.97194","290"
"Georgia","Tsqaltubo","42.33972","42.59917","154"
"Georgia","Ureki","41.99556","41.77861","39"
"Georgia","Vale","41.61861","42.86278","1134"
"Georgia","Vani","42.08139","42.52444","91"
"Georgia","Zahesi","41.82444","44.75778","494"
"Georgia","Zhinvali","42.11583","44.7675","703"
"Georgia","Zugdidi","42.51222","41.86917","128"
"Germany","Aachen","50.77664","6.083422","177"
"Germany","Augsburg","48.36667","10.88333","485"
"Germany","Bergisch Gladbach","50.98333","7.133333","93"
"Germany","Berlin","52.51667","13.4","35"
"Germany","Bielefeld","52.03333","8.533333","113"
"Germany","Bochum","51.48333","7.216667","104"
"Germany","Bonn","50.73333","7.1","54"
"Germany","Bottrop","51.51667","6.916667","60"
"Germany","Braunschweig","52.26667","10.53333","71"
"Germany","Bremen","53.07516","8.807774","3"
"Germany","Bremerhaven","53.55","8.583333","3"
"Germany","Chemnitz","50.83333","12.91667","297"
"Germany","Cottbus","51.76667","14.33333","70"
"Germany","Darmstadt","49.87056","8.649445","153"
"Germany","Dortmund","51.51667","7.45","95"
"Germany","Dresden","51.05089","13.73832","110"
"Germany","Duisburg","51.43333","6.75","33"
"Germany","Duren","50.8","6.483333","130"
"Germany","Dusseldorf","51.22172","6.776161","42"
"Germany","Erfurt","50.98333","11.03333","194"
"Germany","Erlangen","49.58972","11.00389","282"
"Germany","Essen","51.45","7.016667","107"
"Germany","Esslingen","48.73961","9.304733","247"
"Germany","Flensburg","54.78333","9.433333","26"
"Germany","Frankfurt am Main","50.11667","8.683333","119"
"Germany","Freiburg","47.9959","7.852221","347"
"Germany","Furth","49.47593","10.98856","288"
"Germany","Gelsenkirchen-Alt","51.51667","7.116667","51"
"Germany","Gera","50.86667","12.08333","218"
"Germany","Gottingen","51.53333","9.933333","154"
"Germany","Gutersloh","51.9","8.383333","75"
"Germany","Hagen","51.35","7.466667","196"
"Germany","Halle","51.5","12","105"
"Germany","Halle-Neustadt","51.48333","11.93333","74"
"Germany","Hamburg","53.55","10","3"
"Germany","Hamm","51.68033","7.820892","61"
"Germany","Hanau am Main","50.13333","8.916667","103"
"Germany","Hannover","52.37052","9.733221","54"
"Germany","Heidelberg","49.40768","8.690786","150"
"Germany","Heilbronn","49.14028","9.22","176"
"Germany","Herne","51.55","7.216667","61"
"Germany","Hildesheim","52.15","9.966667","129"
"Germany","Ingolstadt","48.76667","11.43333","368"
"Germany","Iserlohn","51.36667","7.7","273"
"Germany","Jena","50.93333","11.58333","149"
"Germany","Kaiserslautern","49.45","7.75","246"
"Germany","Karlsruhe","49.00472","8.385834","116"
"Germany","Kassel","51.31667","9.5","152"
"Germany","Kiel","54.32133","10.13489","-9999"
"Germany","Koblenz","50.35","7.6","160"
"Germany","Koeln","50.93333","6.95","46"
"Germany","Krefeld","51.33333","6.566667","37"
"Germany","Leipzig","51.33962","12.37129","110"
"Germany","Leverkusen","51.03333","7","48"
"Germany","Lubeck","53.86893","10.68729","4"
"Germany","Ludwigsburg","48.89731","9.191608","289"
"Germany","Ludwigshafen am Rhein","49.48111","8.435278","94"
"Germany","Lunen","51.61667","7.516667","54"
"Germany","Magdeburg","52.16667","11.66667","42"
"Germany","Mainz","50","8.271112","98"
"Germany","Mannheim","49.48833","8.464723","95"
"Germany","Marl","51.65","7.083334","63"
"Germany","Minden","52.28333","8.916667","41"
"Germany","Moers","51.45","6.65","27"
"Germany","Monchengladbach","51.2","6.433333","60"
"Germany","Muenchen","48.13768","11.57435","515"
"Germany","Mulheim an der Ruhr","51.43333","6.883333","63"
"Germany","Munster","51.96236","7.625713","56"
"Germany","Neuss","51.2","6.683333","40"
"Germany","Neustadt","52.15","11.63333","49"
"Germany","Nuernberg","49.44778","11.06833","306"
"Germany","Oberhausen","51.46667","6.85","41"
"Germany","Offenbach","50.1","8.766666","109"
"Germany","Oldenburg","53.16667","8.2","10"
"Germany","Osnabruck","52.26667","8.05","65"
"Germany","Paderborn","51.71905","8.754387","119"
"Germany","Pforzheim","48.88333","8.7","349"
"Germany","Potsdam","52.39886","13.06566","30"
"Germany","Ratingen","51.29724","6.849289","59"
"Germany","Recklinghausen","51.61667","7.2","97"
"Germany","Regensburg","49.015","12.09556","338"
"Germany","Remscheid","51.18333","7.2","325"
"Germany","Reutlingen","48.49144","9.204269","396"
"Germany","Rostock","54.0887","12.14049","1"
"Germany","Saarbrucken","49.23333","7","200"
"Germany","Schwerin","53.63333","11.38333","53"
"Germany","Siegen","50.86667","8.033333","305"
"Germany","Solingen","51.18333","7.083334","219"
"Germany","Stuttgart","48.78232","9.177017","255"
"Germany","Trier","49.75565","6.639347","149"
"Germany","Tubingen","48.52266","9.052219","338"
"Germany","Ulm","48.39841","9.99155","471"
"Germany","Velbert","51.33333","7.05","247"
"Germany","Wiesbaden","50.08333","8.25","182"
"Germany","Wilhelmshaven","53.51667","8.133333","-9999"
"Germany","Witten","51.43333","7.333334","89"
"Germany","Wolfsburg","52.43333","10.8","57"
"Germany","Wuppertal","51.26667","7.183333","175"
"Germany","Wurzburg","49.78778","9.936112","200"
"Germany","Zwickau","50.73333","12.5","302"
"Ghana","Aboso","5.366667","-1.93333","72"
"Ghana","Aburi","5.85","-0.18333","301"
"Ghana","Accra","5.55","-0.21667","104"
"Ghana","Achiaman","5.7","-0.33333","72"
"Ghana","Agogo","6.8","-1.08333","397"
"Ghana","Akim Swedru","5.9","-1.01667","154"
"Ghana","Akropong","5.966667","-0.08333","355"
"Ghana","Akwatia","6.05","-0.8","148"
"Ghana","Anloga","5.8","0.9","43"
"Ghana","Apam","5.283333","-0.73333","-9999"
"Ghana","Asamankese","5.866667","-0.66667","159"
"Ghana","Axim","4.868333","-2.24139","71"
"Ghana","Bawku","11.05806","-0.24167","229"
"Ghana","Bechem","7.083333","-2.03333","294"
"Ghana","Begoro","6.383333","-0.38333","448"
"Ghana","Bekwai","6.45","-1.58333","220"
"Ghana","Berekum","7.45","-2.58333","305"
"Ghana","Bibiani","6.466667","-2.33333","250"
"Ghana","Bolgatanga","10.78556","-0.85139","180"
"Ghana","Cape Coast","5.1","-1.25","-9999"
"Ghana","Dom","5.65","-0.23333","73"
"Ghana","Duayaw Nkwanta","7.166667","-2.1","304"
"Ghana","Dunkwa","5.966667","-1.78333","107"
"Ghana","Ejura","7.383333","-1.36667","227"
"Ghana","Elmina","5.083333","-1.35","-9999"
"Ghana","Foso","5.7","-1.28333","158"
"Ghana","Gbawe","5.583333","-0.3","122"
"Ghana","Ho","6.6","0.466667","154"
"Ghana","Hohoe","7.15","0.466667","170"
"Ghana","Keta","5.916667","0.983333","43"
"Ghana","Kete Krachi","7.8","-0.01667","87"
"Ghana","Kibi","6.166667","-0.55","302"
"Ghana","Kintampo","8.05","-1.71667","286"
"Ghana","Koforidua","6.083333","-0.25","239"
"Ghana","Konongo","6.616667","-1.21667","229"
"Ghana","Kpandae","8.466667","-0.01667","156"
"Ghana","Kpandu","7","0.3","152"
"Ghana","Kumasi","6.683333","-1.61667","247"
"Ghana","Madina","5.683333","-0.16667","76"
"Ghana","Mampong","7.066667","-1.4","370"
"Ghana","Mpraeso","6.583333","-0.73333","368"
"Ghana","Mumford","5.266667","-0.75","-9999"
"Ghana","Navrongo","10.895","-1.09389","197"
"Ghana","Nkawkaw","6.55","-0.76667","275"
"Ghana","Nsawam","5.8","-0.35","73"
"Ghana","Nungua","5.6","-0.06667","68"
"Ghana","Obuasi","6.2","-1.66667","241"
"Ghana","Oda","5.916667","-0.98333","194"
"Ghana","Oduponkpehe","5.533333","-0.41667","75"
"Ghana","Prestea","5.433333","-2.15","77"
"Ghana","Salaga","8.55","-0.51667","152"
"Ghana","Saltpond","5.2","-1.06667","80"
"Ghana","Savelugu","9.624722","-0.82778","152"
"Ghana","Sekondi","4.933333","-1.7","-9999"
"Ghana","Shama Junction","5","-1.65","69"
"Ghana","Suhum","6.033333","-0.45","186"
"Ghana","Sunyani","7.333333","-2.33333","304"
"Ghana","Swedru","5.533333","-0.7","75"
"Ghana","Tafo","6.733333","-1.61667","277"
"Ghana","Takoradi","4.883333","-1.75","-9999"
"Ghana","Tamale","9.4","-0.83333","152"
"Ghana","Tarkwa","5.3","-1.98333","67"
"Ghana","Techiman","7.583333","-1.93333","385"
"Ghana","Tema","5.616667","-0.01667","79"
"Ghana","Teshi","5.583333","-0.1","69"
"Ghana","Wa","10.05","-2.48333","306"
"Ghana","Wenchi","7.733333","-2.1","304"
"Ghana","Winneba","5.333333","-0.61667","-9999"
"Ghana","Yendi","9.433333","-0.01667","157"
"Greece","Agrinion","38.62139","21.40778","80"
"Greece","Aigaleo","37.98333","23.68333","47"
"Greece","Aigion","38.24861","22.08194","42"
"Greece","Akharnai","38.08333","23.73333","170"
"Greece","Alexandreia","40.62667","22.44417","3"
"Greece","Alexandroupolis","40.8475","25.87445","-9999"
"Greece","Alimos","37.91667","23.71667","79"
"Greece","Amalias","37.8","21.35","76"
"Greece","Amarousion","38.05","23.8","199"
"Greece","Ano Liosia","38.08333","23.7","156"
"Greece","Argos","37.63333","22.73333","20"
"Greece","Arta","39.16056","20.98528","38"
"Greece","Aspropirgos","38.06667","23.58333","37"
"Greece","Athens","37.98333","23.73333","110"
"Greece","Ayia Paraskevi","38.01667","23.83333","196"
"Greece","Ayia Varvara","37.98333","23.66667","13"
"Greece","Chania","35.51222","24.01556","5"
"Greece","Chios","38.36778","26.13583","1"
"Greece","Corinth","37.93778","22.93222","29"
"Greece","Drama","41.15444","24.13944","91"
"Greece","Edessa","40.80056","22.04722","302"
"Greece","Elefsis","38.03333","23.53333","-9999"
"Greece","Ellinikon","37.88333","23.73333","-9999"
"Greece","Galatsion","38.01667","23.75","158"
"Greece","Giannitsa","40.79194","22.4075","61"
"Greece","Ioannina","39.6675","20.85083","468"
"Greece","Irakleion","35.325","25.13056","70"
"Greece","Iraklion","38.06667","23.76667","197"
"Greece","Kaisariani","37.96667","23.8","578"
"Greece","Kalamakion","37.91667","23.71667","79"
"Greece","Kalamaria","40.5825","22.95028","-9999"
"Greece","Kalamata","37.03889","22.11417","32"
"Greece","Kalivia Thorikou","37.83333","23.91667","150"
"Greece","Kallithea","37.95","23.7","74"
"Greece","Karditsa","39.36556","21.92167","127"
"Greece","Kastoria","40.51667","21.26667","705"
"Greece","Katerini","40.27194","22.5025","17"
"Greece","Kavala","40.93972","24.40195","-9999"
"Greece","Keratsinion","37.9625","23.61972","31"
"Greece","Kerkyra","39.62","19.91972","68"
"Greece","Khalandrion","38.03058","23.79793","187"
"Greece","Kholargos","38","23.8","266"
"Greece","Kifisia","38.06667","23.81667","320"
"Greece","Kilkis","40.99194","22.87083","257"
"Greece","Komotini","41.12278","25.39639","19"
"Greece","Koropion","37.9","23.88333","111"
"Greece","Kos","36.89333","27.28889","1"
"Greece","Kozani","40.30111","21.78639","717"
"Greece","Lamia","38.9","22.43333","75"
"Greece","Larisa","39.63722","22.42028","77"
"Greece","Megara","38","23.34556","89"
"Greece","Melissia","38.05","23.83333","242"
"Greece","Menemeni","40.65694","22.9","10"
"Greece","Moskhaton","37.95","23.66667","-9999"
"Greece","Mytilini","39.11","26.55472","1"
"Greece","Nafplio","37.56361","22.8075","208"
"Greece","Naousa","40.62944","22.06806","240"
"Greece","Nea Erithraia","38.1","23.81667","309"
"Greece","Nea Filadhelfia","38.03333","23.73333","89"
"Greece","Nea Ionia","38.03333","23.75","155"
"Greece","Nea Liosia","38.03333","23.7","67"
"Greece","Nea Makri","38.08333","23.98333","14"
"Greece","Nea Smirni","37.95","23.71667","108"
"Greece","Nikaia","37.96667","23.65","71"
"Greece","Oraiokastron","40.73083","22.91722","241"
"Greece","Orestias","41.50306","26.52972","29"
"Greece","Paiania","37.95","23.85","271"
"Greece","Palaion Faliron","37.93333","23.7","50"
"Greece","Pallini","38","23.88333","188"
"Greece","Panorama","40.58333","23.03333","263"
"Greece","Patrai","38.24444","21.73444","52"
"Greece","Peraia","40.50028","22.925","11"
"Greece","Perama","37.96806","23.565","208"
"Greece","Peristerion","38.01667","23.7","67"
"Greece","Petroupolis","38.05","23.68333","158"
"Greece","Piraeus","37.94745","23.63709","-9999"
"Greece","Polichni","40.66671","22.94881","69"
"Greece","Preveza","38.95","20.75","-9999"
"Greece","Ptolemais","40.51472","21.67861","594"
"Greece","Pylaia","40.60056","22.9875","81"
"Greece","Pyrgos","37.67513","21.44102","18"
"Greece","Rethymnon","35.36472","24.47139","40"
"Greece","Rodos","36.44083","28.2225","22"
"Greece","Salamis","37.96667","23.48333","81"
"Greece","Serres","41.08556","23.54972","61"
"Greece","Sparta","37.07333","22.42972","210"
"Greece","Sykeai","40.64944","22.95083","170"
"Greece","Thermi","40.55","23.01667","56"
"Greece","Thessaloniki","40.64028","22.94389","-9999"
"Greece","Thivai","38.325","23.31889","202"
"Greece","Trikala","39.55528","21.7675","123"
"Greece","Tripolis","37.50889","22.37944","681"
"Greece","Veroia","40.52333","22.20361","79"
"Greece","Viron","37.96667","23.75","155"
"Greece","Volos","39.36667","22.94583","52"
"Greece","Voula","37.85","23.76667","89"
"Greece","Vrilissia","38.03381","23.82962","237"
"Greece","Xanthi","41.14139","24.88361","36"
"Greece","","38.46361","23.59945","13"
"Greece","","38.37019","21.42952","19"
"Grenada","Gouyave","12.16667","-61.7333","18"
"Grenada","Grenville","12.11667","-61.6167","1"
"Grenada","Hillsborough","12.48333","-61.4667","1"
"Grenada","Sauteurs","12.21667","-61.6333","145"
"Grenada","Victoria","12.19021","-61.7068","94"
"Guatemala","Alotenango","14.48028","-90.8075","1377"
"Guatemala","Amatitlan","14.4875","-90.6153","1211"
"Guatemala","Antigua Guatemala","14.56111","-90.7344","1578"
"Guatemala","Asuncion Mita","14.33083","-89.7108","485"
"Guatemala","Barberena","14.30944","-90.3611","1233"
"Guatemala","Barillas","15.80361","-91.3158","1554"
"Guatemala","Cantel","14.81667","-91.45","2374"
"Guatemala","Chicacao","14.53333","-91.3167","475"
"Guatemala","Chichicastenango","14.93333","-91.1167","2233"
"Guatemala","Chimaltenango","14.66861","-90.8167","1798"
"Guatemala","Chinautla","14.70833","-90.4994","1233"
"Guatemala","Chiquimula","14.8","-89.55","420"
"Guatemala","Chiquimulilla","14.08583","-90.3767","272"
"Guatemala","Chisec","15.81667","-90.2833","238"
"Guatemala","Ciudad Vieja","14.52639","-90.7597","1503"
"Guatemala","Coatepeque","14.7","-91.8667","439"
"Guatemala","Coban","15.48333","-90.3667","1348"
"Guatemala","Colomba","14.71667","-91.7333","1058"
"Guatemala","Comalapa","14.74111","-90.8875","2107"
"Guatemala","Comitancillo","15.08333","-91.7167","2322"
"Guatemala","Cuilapa","14.27639","-90.3003","970"
"Guatemala","El Estor","15.53333","-89.35","46"
"Guatemala","El Palmar","14.65","-91.5833","702"
"Guatemala","El Tejar","14.64778","-90.7928","1771"
"Guatemala","Escuintla","14.305","-90.785","349"
"Guatemala","Esquipulas","14.56667","-89.35","943"
"Guatemala","Flores","16.93333","-89.8833","114"
"Guatemala","Fraijanes","14.46528","-90.4408","1586"
"Guatemala","Gualan","15.13333","-89.3667","136"
"Guatemala","Guastatoya","14.85389","-90.0647","561"
"Guatemala","Guatemala City","14.62111","-90.5269","1533"
"Guatemala","Huehuetenango","15.31972","-91.4708","1907"
"Guatemala","Jacaltenango","15.66667","-91.7333","1342"
"Guatemala","Jalapa","14.63333","-89.9833","1362"
"Guatemala","Jocotenango","14.58194","-90.7436","1570"
"Guatemala","Joyabaj","14.995","-90.8061","1405"
"Guatemala","Jutiapa","14.28333","-89.9","877"
"Guatemala","La Esperanza","14.86667","-91.5667","2443"
"Guatemala","La Gomera","14.08333","-91.05","36"
"Guatemala","Livingston","15.83333","-88.75","-9999"
"Guatemala","Malacatan","14.9","-92.05","385"
"Guatemala","Mazatenango","14.53333","-91.5","343"
"Guatemala","Mixco","14.63333","-90.6064","1692"
"Guatemala","Momostenango","15.04361","-91.4086","2233"
"Guatemala","Morales","15.48333","-88.8167","29"
"Guatemala","Nahuala","14.85","-91.3167","2482"
"Guatemala","Nebaj","15.40583","-91.1461","2001"
"Guatemala","Nuevo San Carlos","14.6","-91.7","376"
"Guatemala","Ostuncalco","14.86667","-91.6167","2498"
"Guatemala","Palencia","14.66472","-90.3586","1337"
"Guatemala","Palin","14.40556","-90.6983","1138"
"Guatemala","Panajachel","14.73333","-91.15","1595"
"Guatemala","Panzos","15.4","-89.6667","156"
"Guatemala","Patulul","14.41667","-91.1667","298"
"Guatemala","Patzicia","14.63167","-90.9269","2121"
"Guatemala","Patzun","14.68333","-91.0167","2200"
"Guatemala","Petapa","14.50278","-90.5517","1264"
"Guatemala","Poptun","16.33111","-89.4169","530"
"Guatemala","Pueblo Nuevo Tiquisate","14.28333","-91.3667","64"
"Guatemala","Puerto Barrios","15.71667","-88.6","5"
"Guatemala","Puerto San Jose","13.92556","-90.8244","6"
"Guatemala","Quetzaltenango","14.83333","-91.5167","2381"
"Guatemala","Retalhuleu","14.53333","-91.6833","242"
"Guatemala","San Andres Itzapa","14.62","-90.8442","1858"
"Guatemala","San Andres Xecul","14.9","-91.4833","2446"
"Guatemala","San Benito","16.91667","-89.9","115"
"Guatemala","San Cristobal Verapaz","15.38333","-90.4","1460"
"Guatemala","San Francisco El Alto","14.95","-91.45","2582"
"Guatemala","San Francisco Zapotitlan","14.58333","-91.5167","563"
"Guatemala","San Jose Pinula","14.54611","-90.4114","1778"
"Guatemala","San Juan Sacatepequez","14.71889","-90.6442","1802"
"Guatemala","San Lucas Sacatepequez","14.60972","-90.6569","2087"
"Guatemala","San Lucas Toliman","14.63333","-91.1333","1962"
"Guatemala","San Marcos","14.96667","-91.8","2411"
"Guatemala","San Mateo Ixtatan","15.83194","-91.4781","2514"
"Guatemala","San Miguel Chicaj","15.1","-90.4","945"
"Guatemala","San Pablo","14.93333","-92","586"
"Guatemala","San Pablo Jocopilas","14.58333","-91.45","598"
"Guatemala","San Pedro Ayampuc","14.78667","-90.4511","1208"
"Guatemala","San Pedro Carcha","15.48333","-90.2667","1278"
"Guatemala","San Pedro Sacatepequez","14.96667","-91.7667","2320"
"Guatemala","San Pedro Sacatepequez","14.68417","-90.6442","2096"
"Guatemala","San Sebastian","14.56667","-91.65","322"
"Guatemala","Sanarate","14.795","-90.1922","860"
"Guatemala","Santa Barbara","14.43333","-91.2333","390"
"Guatemala","Santa Catarina Ixtahuacan","14.8","-91.3667","2231"
"Guatemala","Santa Catarina Pinula","14.56889","-90.4953","1520"
"Guatemala","Santa Cruz del Quiche","15.03056","-91.1489","1979"
"Guatemala","Santa Lucia Cotzumalguapa","14.33333","-91.0167","356"
"Guatemala","Santa Lucia Milpas Altas","14.57583","-90.6786","1939"
"Guatemala","Santa Maria de Jesus","14.51833","-90.7267","1656"
"Guatemala","Santiago Atitlan","14.63823","-91.229","1596"
"Guatemala","Santiago Sacatepequez","14.63528","-90.6764","2013"
"Guatemala","Solola","14.76667","-91.1833","2136"
"Guatemala","Sumpango","14.64639","-90.7339","1880"
"Guatemala","Tecpan Guatemala","14.76694","-90.9942","2354"
"Guatemala","Totonicapan","14.91667","-91.3667","2480"
"Guatemala","Villa Canales","14.48139","-90.5317","1277"
"Guatemala","Villa Nueva","14.52694","-90.5875","1363"
"Guatemala","Zacapa","14.96667","-89.5333","232"
"Guyana","Bartica","6.4","-58.6167","1"
"Guyana","Fort Wellington","6.4","-57.6","1"
"Guyana","Georgetown","6.8","-58.1667","1"
"Guyana","Lethem","3.383333","-59.8","94"
"Guyana","Linden","6","-58.3","49"
"Guyana","Mabaruma","8.2","-59.7833","14"
"Guyana","Mahaica Village","6.683333","-57.9167","1"
"Guyana","Mahaicony Village","6.55","-57.8","1"
"Guyana","New Amsterdam","6.25","-57.5167","1"
"Guyana","Rosignol","6.283333","-57.5333","1"
"Guyana","Skeldon","5.883333","-57.1333","-9999"
"Guyana","Vreed en Hoop","6.8075","-58.1869","1"
