"Cambodia","Batdambang","13.1","103.2","40"
"Cambodia","Kampong Cham","12","105.45","21"
"Cambodia","Kampong Chhnang","12.25","104.6667","17"
"Cambodia","Kampong Saom","10.63333","103.5","20"
"Cambodia","Kampong Spoe","11.45","104.5333","38"
"Cambodia","Kampong Thum","12.7","104.9","11"
"Cambodia","Kampot","10.61667","104.1833","7"
"Cambodia","Kracheh","12.48333","106.0167","18"
"Cambodia","Krong Kaoh Kong","11.6175","102.9806","1"
"Cambodia","Krong Keb","10.48333","104.3167","-9999"
"Cambodia","Lumphat","13.5","106.9833","113"
"Cambodia","Pailin","12.85056","102.6097","170"
"Cambodia","Phnom Penh","11.55","104.9167","16"
"Cambodia","Phnum Tbeng Meanchey","13.81667","104.9667","47"
"Cambodia","Phumi Veal Sre","10.98333","104.7833","8"
"Cambodia","Pouthisat","12.53333","103.9167","18"
"Cambodia","Senmonourom","12.45","107.2","734"
"Cambodia","Siemreab","13.36667","103.85","15"
"Cambodia","Sisophon","13.58333","102.9833","17"
"Cambodia","Ta Khmau","11.48333","104.95","1"
"Cameroon","Abong Mbang","3.983333","13.18333","708"
"Cameroon","Akom II","2.783333","10.56667","462"
"Cameroon","Akonolinga","3.766667","12.25","521"
"Cameroon","Ambam","2.383333","11.28333","347"
"Cameroon","Babanki","6.116667","10.25","1177"
"Cameroon","Bafang","5.15","10.18333","1214"
"Cameroon","Bafia","4.75","11.23333","473"
"Cameroon","Bafoussam","5.466667","10.41667","1498"
"Cameroon","Bali","5.883333","10.01667","1416"
"Cameroon","Bamenda","5.933333","10.16667","1615"
"Cameroon","Bamendjou","5.4","10.31667","1533"
"Cameroon","Bamusso","4.433333","8.9","1"
"Cameroon","Bana","5.15","10.26667","1487"
"Cameroon","Bandjoun","5.35","10.4","1563"
"Cameroon","Bangangte","5.15","10.51667","1338"
"Cameroon","Bangou","5.2","10.38333","1489"
"Cameroon","Bankim","6.083034","11.4905","762"
"Cameroon","Bansoa","5.45","10.31667","1532"
"Cameroon","Banyo","6.75","11.81667","1260"
"Cameroon","Batibo","5.833333","9.866667","1431"
"Cameroon","Batouri","4.433333","14.36667","618"
"Cameroon","Bazou","5.066667","10.46667","1218"
"Cameroon","Bekondo","4.683889","9.321389","411"
"Cameroon","Belabo","4.933333","13.3","611"
"Cameroon","Belel","7.05","14.43333","1373"
"Cameroon","Belo","6.133333","10.25","1166"
"Cameroon","Bertoua","4.583333","13.68333","716"
"Cameroon","Betare Oya","5.6","14.08333","779"
"Cameroon","Bogo","10.73611","14.61083","341"
"Cameroon","Bonaberi","4.084444","9.666111","1"
"Cameroon","Dimako","4.383333","13.56667","681"
"Cameroon","Dizangue","3.766667","9.983334","1"
"Cameroon","Douala","4.050278","9.7","1"
"Cameroon","Doume","4.233333","13.45","658"
"Cameroon","Dschang","5.45","10.06667","1450"
"Cameroon","Ebolowa","2.9","11.15","637"
"Cameroon","Edea","3.8","10.13333","22"
"Cameroon","Eseka","3.65","10.76667","246"
"Cameroon","Fontem","5.466667","9.883333","1342"
"Cameroon","Foumban","5.716667","10.91667","1123"
"Cameroon","Foumbot","5.5","10.63333","1135"
"Cameroon","Fundong","6.25","10.26667","1538"
"Cameroon","Garoua","9.3","13.4","166"
"Cameroon","Garoua Boulai","5.883333","14.55","997"
"Cameroon","Guider","9.934167","13.94861","375"
"Cameroon","Idenao","4.2475","9.004723","127"
"Cameroon","Kaele","10.10917","14.45083","371"
"Cameroon","Kontcha","7.966667","12.23333","388"
"Cameroon","Kousseri","12.07833","15.03083","276"
"Cameroon","Kribi","2.95","9.916667","14"
"Cameroon","Kumba","4.643889","9.438611","280"
"Cameroon","Kumbo","6.2","10.66667","1771"
"Cameroon","Lagdo","9.05","13.73333","188"
"Cameroon","Limbe","4.012778","9.220278","137"
"Cameroon","Lolodorf","3.233333","10.73333","406"
"Cameroon","Loum","4.716111","9.746388","295"
"Cameroon","Makari","12.57444","14.45194","299"
"Cameroon","Mamfe","5.766667","9.283333","444"
"Cameroon","Manjo","4.845278","9.824722","579"
"Cameroon","Maroua","10.59556","14.32472","383"
"Cameroon","Mbalmayo","3.516667","11.5","360"
"Cameroon","Mbandjok","4.45","11.9","517"
"Cameroon","Mbanga","4.509167","9.568055","154"
"Cameroon","Mbengwi","6.016667","10","1260"
"Cameroon","Mbouda","5.633333","10.25","1433"
"Cameroon","Meiganga","6.516667","14.3","987"
"Cameroon","Melong","5.116667","9.95","762"
"Cameroon","Mindif","10.40278","14.44","531"
"Cameroon","Mme-Bafumen","6.333333","10.23333","1314"
"Cameroon","Mokolo","10.74028","13.80278","761"
"Cameroon","Mora","11.0425","14.14472","456"
"Cameroon","Mundemba","4.95","8.866667","322"
"Cameroon","Mutengene","4.099444","9.308056","283"
"Cameroon","Muyuka","4.297222","9.405556","54"
"Cameroon","Nanga Eboko","4.683333","12.36667","632"
"Cameroon","Ndikinimeki","4.766667","10.83333","525"
"Cameroon","Ndom","4.5025","9.561667","148"
"Cameroon","Ngambe","4.233333","10.61667","205"
"Cameroon","Ngaoundere","7.316667","13.58333","1205"
"Cameroon","Nguti","5.3","9.433333","1353"
"Cameroon","Njinikom","6.233333","10.28333","1254"
"Cameroon","Nkongsamba","4.953333","9.9325","855"
"Cameroon","Nkoteng","4.516667","12.03333","565"
"Cameroon","Ntui","4.45","11.63333","544"
"Cameroon","Obala","4.166667","11.53333","528"
"Cameroon","Penja","4.636389","9.681945","151"
"Cameroon","Pitoa","9.383333","13.53333","201"
"Cameroon","Poli","8.483333","13.25","781"
"Cameroon","Rey Bouba","8.666667","14.18333","224"
"Cameroon","Saa","4.366667","11.45","575"
"Cameroon","Sangmelima","2.933333","11.98333","542"
"Cameroon","Tchollire","8.4","14.16667","376"
"Cameroon","Tibati","6.466667","12.63333","840"
"Cameroon","Tiko","4.078611","9.368055","79"
"Cameroon","Tonga","4.966667","10.7","788"
"Cameroon","Wum","6.383333","10.06667","1110"
"Cameroon","Yabassi","4.454444","9.965555","21"
"Cameroon","Yagoua","10.34278","15.24056","312"
"Cameroon","Yaounde","3.866667","11.51667","733"
"Cameroon","Yokadouma","3.516667","15.05","562"
"Canada","Abbotsford","49.05798","-122.253","128"
"Canada","Airdrie","51.30011","-114.035","1081"
"Canada","Alma","48.55009","-71.6491","93"
"Canada","Barrie","44.40011","-79.6663","252"
"Canada","Bradford West Gwillimbury","44.11681","-79.6163","267"
"Canada","Brandon","49.84692","-99.9531","378"
"Canada","Brantford","43.1334","-80.2664","200"
"Canada","Brockville","44.58341","-75.6826","75"
"Canada","Brossard","45.45008","-73.4658","20"
"Canada","Calgary","51.05011","-114.085","1052"
"Canada","Campbell River","50.01634","-125.245","72"
"Canada","Charlottetown","46.23525","-63.1267","6"
"Canada","Chatham-Kent","42.41679","-82.1665","180"
"Canada","Chilliwack","49.17468","-121.944","9"
"Canada","Cobourg","43.96682","-78.1662","91"
"Canada","Corner Brook","48.96671","-57.9484","-9999"
"Canada","Cornwall","45.03339","-74.7326","60"
"Canada","Courtenay","49.68294","-124.986","5"
"Canada","Cranbrook","49.49991","-115.769","984"
"Canada","Drummondville","45.88336","-72.4824","82"
"Canada","Duncan","48.78293","-123.703","61"
"Canada","Edmonton","53.55014","-113.469","640"
"Canada","Fredericton","45.94541","-66.6656","93"
"Canada","Glace Bay","46.19695","-59.957","1"
"Canada","Granby","45.40008","-72.7324","116"
"Canada","Grand Sudbury","46.49","-80.99","274"
"Canada","Grande Prairie","55.16667","-118.803","664"
"Canada","Guelph","43.5501","-80.2497","334"
"Canada","Halifax","44.65199","-63.5968","45"
"Canada","Hamilton","43.23341","-79.9496","208"
"Canada","Joliette","46.01677","-73.4492","46"
"Canada","Kamloops","50.66648","-120.319","457"
"Canada","Kelowna","49.88307","-119.486","352"
"Canada","Kingston","44.22976","-76.481","77"
"Canada","Kitchener","43.4501","-80.483","334"
"Canada","Leamington","42.08339","-82.5665","191"
"Canada","Lethbridge","49.69999","-112.819","907"
"Canada","Levis","46.80326","-71.1779","85"
"Canada","Lloydminster","53.28346","-110.002","646"
"Canada","London","42.98339","-81.233","251"
"Canada","Medicine Hat","50.05006","-110.668","708"
"Canada","Midland","44.7501","-79.883","202"
"Canada","Moncton","46.11594","-64.8019","15"
"Canada","Montreal","45.51678","-73.6492","47"
"Canada","Moose Jaw","50.40005","-105.534","553"
"Canada","Nanaimo","49.16634","-123.936","19"
"Canada","New Glasgow","45.58344","-62.6486","12"
"Canada","New Westminster","49.20678","-122.911","40"
"Canada","North Battleford","52.78344","-108.285","539"
"Canada","North Bay","46.3168","-79.4663","221"
"Canada","North Cowichan","48.84133","-123.686","61"
"Canada","North Vancouver","49.31636","-123.069","46"
"Canada","Orangeville","43.9168","-80.0997","426"
"Canada","Orillia","44.61681","-79.4163","219"
"Canada","Oshawa","43.90012","-78.8496","106"
"Canada","Ottawa","45.42094","-75.6903","61"
"Canada","Owen Sound","44.56679","-80.933","226"
"Canada","Parksville","49.31633","-124.319","46"
"Canada","Penticton","49.49976","-119.586","358"
"Canada","Peterborough","44.30012","-78.3162","199"
"Canada","Port Alberni","49.24133","-124.803","19"
"Canada","Prince Albert","53.20008","-105.768","420"
"Canada","Prince George","53.9166","-122.753","568"
"Canada","Quebec","46.81228","-71.2145","47"
"Canada","Red Deer","52.26682","-113.802","856"
"Canada","Regina","50.45008","-104.618","573"
"Canada","Richmond","49.17003","-123.137","3"
"Canada","Rouyn-Noranda","48.23985","-79.0288","304"
"Canada","Saint John","45.25935","-66.0377","-9999"
"Canada","Saint-Hyacinthe","45.61678","-72.9491","26"
"Canada","Saint-Jean-sur-Richelieu","45.31678","-73.2659","29"
"Canada","Saint-Jerome","45.78036","-74.0036","92"
"Canada","Saint-Laurent","45.50008","-73.6658","43"
"Canada","Salaberry-de-Valleyfield","45.25008","-74.1325","43"
"Canada","Sarnia","42.96678","-82.3831","186"
"Canada","Saskatoon","52.11679","-106.635","468"
"Canada","Sept-Iles","50.20011","-66.3821","2"
"Canada","Shawinigan","46.56675","-72.7491","137"
"Canada","Sherbrooke","45.40008","-71.8991","153"
"Canada","Sherwood Park","53.51684","-113.319","718"
"Canada","Sorel-Tracy","46.03336","-73.1158","7"
"Canada","Spruce Grove","53.53344","-113.919","703"
"Canada","Stratford","43.36679","-80.9497","358"
"Canada","Terrace","54.51634","-128.603","68"
"Canada","Thunder Bay","48.4001","-89.3168","215"
"Canada","Timmins","48.46686","-81.3331","322"
"Canada","Toronto","43.70011","-79.4163","173"
"Canada","Trois-Rivieres","46.35006","-72.5491","25"
"Canada","Truro","45.36685","-63.2654","30"
"Canada","Vancouver","49.24966","-123.119","63"
"Canada","Vernon","50.25809","-119.269","388"
"Canada","Victoria","48.43294","-123.369","1"
"Canada","Victoriaville","46.05007","-71.9658","124"
"Canada","Waterloo","43.4668","-80.5164","331"
"Canada","White Rock","49.01636","-122.803","-9999"
"Canada","Whitehorse","60.71611","-135.054","630"
"Canada","Windsor","42.30008","-83.0165","183"
"Canada","Winnipeg","49.8844","-97.147","230"
"Canada","Woodstock","43.13339","-80.7497","304"
"Cape Verde","Assomada","15.1","-23.6833","338"
"Cape Verde","Mindelo","16.88333","-25","62"
"Cape Verde","Pombas","17.15","-25.0167","13"
"Cape Verde","Ponta do Sol","17.2","-25.1","50"
"Cape Verde","Porto dos Mosteiros","15.03333","-24.3333","1"
"Cape Verde","Porto Novo","17.01969","-25.0647","-9999"
"Cape Verde","Praia","14.91667","-23.5167","-9999"
"Cape Verde","Sal Rei","16.18333","-22.9167","1"
"Cape Verde","Santa Cruz","15.13333","-23.5667","57"
"Cape Verde","Santa Maria","16.6","-22.9","13"
"Cape Verde","Sao Filipe","14.9","-24.5167","-9999"
"Cape Verde","Tarrafal","15.28333","-23.7667","251"
"Cape Verde","Vila da Ribeira Brava","16.61667","-24.3","208"
"Cape Verde","Vila do Maio","15.13333","-23.2167","2"
"Central African Republic","Alindao","5.033333","21.21667","482"
"Central African Republic","Bambari","5.761944","20.66722","465"
"Central African Republic","Bangassou","4.733333","22.81667","458"
"Central African Republic","Bangui","4.366667","18.58333","373"
"Central African Republic","Baoro","5.666667","15.96667","729"
"Central African Republic","Batangafo","7.3","18.3","432"
"Central African Republic","Berberati","4.266667","15.78333","577"
"Central African Republic","Bimbo","4.3","18.55","339"
"Central African Republic","Birao","10.28333","22.78333","472"
"Central African Republic","Boali","4.8","18.11667","450"
"Central African Republic","Boda","4.316667","17.46667","565"
"Central African Republic","Bossangoa","6.483333","17.45","466"
"Central African Republic","Bouar","5.95","15.6","1047"
"Central African Republic","Bouca","6.5","18.28333","420"
"Central African Republic","Bozoum","6.316667","16.38333","702"
"Central African Republic","Bria","6.533333","21.98333","558"
"Central African Republic","Carnot","4.933333","15.86667","486"
"Central African Republic","Damara","4.966667","18.7","404"
"Central African Republic","Gambo","4.65","22.26667","500"
"Central African Republic","Gamboula","4.133333","15.15","609"
"Central African Republic","Ippy","6.25","21.2","556"
"Central African Republic","Kabo","7.65","18.61667","398"
"Central African Republic","Kaga Bandoro","6.983333","19.18333","412"
"Central African Republic","Kembe","4.6","21.9","457"
"Central African Republic","Kouango","4.966667","19.98333","415"
"Central African Republic","Mbaiki","3.883333","18","515"
"Central African Republic","Mobaye","4.316667","21.18333","434"
"Central African Republic","Mongoumba","3.633333","18.6","338"
"Central African Republic","Ndele","8.409167","20.65306","587"
"Central African Republic","Nola","3.533333","16.06667","443"
"Central African Republic","Obo","5.4","26.5","615"
"Central African Republic","Ouadda","8.066667","22.4","682"
"Central African Republic","Ouango","4.316667","22.55","454"
"Central African Republic","Paoua","7.25","16.43333","604"
"Central African Republic","Rafai","4.95","23.91667","526"
"Central African Republic","Sibut","5.733333","19.08333","400"
"Chad","Abeche","13.82916","20.8324","542"
"Chad","Adre","13.46667","22.2","762"
"Chad","Am Timan","11.03333","20.28333","416"
"Chad","Aozou","21.8375","17.4275","1075"
"Chad","Ati","13.21667","18.33333","297"
"Chad","Bebedjia","8.683333","16.56667","398"
"Chad","Beboto","8.266667","16.93333","448"
"Chad","Beinamar","8.666667","15.38333","457"
"Chad","Benoy","8.983333","16.31667","448"
"Chad","Bere","9.333333","16.15","383"
"Chad","Biltine","14.53333","20.91667","503"
"Chad","Bitkine","11.98167","18.21278","682"
"Chad","Bokoro","12.37667","17.05806","300"
"Chad","Bongor","10.28056","15.37222","316"
"Chad","Bousso","10.4825","16.71611","284"
"Chad","Doba","8.65","16.85","398"
"Chad","Dourbali","11.80944","15.86111","305"
"Chad","Faya","17.91667","19.11667","259"
"Chad","Goundi","9.366667","17.36667","486"
"Chad","Gounou-Gaya","9.627222","15.51389","461"
"Chad","Goz Beida","12.21667","21.41667","594"
"Chad","Guelengdeng","10.93333","15.53333","295"
"Chad","Iriba","15.11667","22.25","923"
"Chad","Kelo","9.316667","15.8","429"
"Chad","Koumra","8.916667","17.55","419"
"Chad","Kyabe","9.45","18.95","367"
"Chad","Lai","9.4","16.3","362"
"Chad","Mao","14.11944","15.31333","352"
"Chad","Massaguet","12.47417","15.44278","289"
"Chad","Massakory","12.99806","15.7375","259"
"Chad","Mboursou Lere","9.766667","14.15","304"
"Chad","Melfi","11.05972","17.93306","409"
"Chad","Moissala","8.35","17.76667","345"
"Chad","Mongo","12.18333","18.7","395"
"Chad","Moundou","8.566667","16.08333","415"
"Chad","Moussoro","13.6425","16.48889","293"
"Chad","Ngama","11.78333","17.16667","309"
"Chad","Oum Hadjer","13.3","19.68333","358"
"Chad","Pala","9.366667","14.9","446"
"Chad","Sarh","9.15","18.38333","342"
"Chile","Ancud","-41.8697","-73.8203","1"
"Chile","Angol","-37.8","-72.7167","79"
"Chile","Antofagasta","-23.65","-70.4","276"
"Chile","Arauco","-37.2463","-73.3175","2"
"Chile","Arica","-18.4833","-70.3333","12"
"Chile","Buin","-33.7333","-70.75","457"
"Chile","Bulnes","-36.7333","-72.3","92"
"Chile","Cabrero","-37.0333","-72.4","111"
"Chile","Calama","-22.4667","-68.9333","2248"
"Chile","Calbuco","-41.7667","-73.1333","-9999"
"Chile","Canete","-37.8","-73.4","144"
"Chile","Carahue","-38.7","-73.1667","3"
"Chile","Castro","-42.4721","-73.7732","14"
"Chile","Cauquenes","-35.9667","-72.35","136"
"Chile","Chiguayante","-36.9167","-73.0167","184"
"Chile","Chillan","-36.6","-72.1167","127"
"Chile","Chimbarongo","-34.7","-71.05","305"
"Chile","Coihaique","-45.5752","-72.0662","355"
"Chile","Collipulli","-37.95","-72.4333","242"
"Chile","Concepcion","-36.827","-73.0498","136"
"Chile","Constitucion","-35.3333","-72.4167","57"
"Chile","Copiapo","-27.3667","-70.3333","381"
"Chile","Coquimbo","-29.9533","-71.3436","87"
"Chile","Coronel","-37.0167","-73.1333","84"
"Chile","Curanilahue","-37.4667","-73.35","195"
"Chile","Curico","-34.9833","-71.2333","218"
"Chile","Diego de Almagro","-26.3667","-70.05","923"
"Chile","El Monte","-33.6833","-71.0167","232"
"Chile","Graneros","-34.0667","-70.7333","456"
"Chile","Hacienda La Calera","-32.7833","-71.2167","202"
"Chile","Illapel","-31.6308","-71.1653","320"
"Chile","Iquique","-20.2167","-70.1667","-9999"
"Chile","La Laja","-37.2667","-72.7","50"
"Chile","La Ligua","-32.4524","-71.2311","127"
"Chile","La Serena","-29.9078","-71.2542","30"
"Chile","La Union","-40.2833","-73.0833","67"
"Chile","Lampa","-33.2833","-70.9","623"
"Chile","Las Animas","-39.8087","-73.2182","8"
"Chile","Lautaro","-38.5167","-72.45","235"
"Chile","Lebu","-37.6167","-73.65","75"
"Chile","Limache","-33.0167","-71.2667","146"
"Chile","Linares","-35.85","-71.6","165"
"Chile","Llaillay","-32.85","-70.9667","365"
"Chile","Loncoche","-39.3667","-72.6333","136"
"Chile","Los Andes","-32.8337","-70.5983","834"
"Chile","Los Angeles","-37.4667","-72.35","137"
"Chile","Lota","-37.0833","-73.1667","71"
"Chile","Machali","-34.1833","-70.6667","555"
"Chile","Melipilla","-33.7","-71.2167","237"
"Chile","Molina","-35.1167","-71.2833","274"
"Chile","Monte Patria","-30.6919","-70.9467","524"
"Chile","Mulchen","-37.7167","-72.2333","117"
"Chile","Nacimiento","-37.5","-72.6667","90"
"Chile","Nueva Imperial","-38.7333","-72.95","50"
"Chile","Osorno","-40.5667","-73.15","87"
"Chile","Ovalle","-30.5983","-71.2003","269"
"Chile","Paine","-33.8167","-70.75","354"
"Chile","Panguipulli","-39.6333","-72.3333","268"
"Chile","Parral","-36.15","-71.8333","163"
"Chile","Penaflor","-33.6167","-70.9167","342"
"Chile","Penco","-36.7333","-72.9833","84"
"Chile","Pitrufquen","-38.9833","-72.65","81"
"Chile","Puerto Montt","-41.4717","-72.9369","20"
"Chile","Puerto Natales","-51.7236","-72.4874","41"
"Chile","Puerto Varas","-41.3167","-72.9833","88"
"Chile","Punta Arenas","-53.15","-70.9167","54"
"Chile","Purranque","-40.9167","-73.1667","236"
"Chile","Quillota","-32.8833","-71.2667","133"
"Chile","Quilpue","-33.045","-71.4494","129"
"Chile","Rancagua","-34.1667","-70.75","518"
"Chile","Rengo","-34.4167","-70.8667","288"
"Chile","Rio Bueno","-40.3167","-72.9667","40"
"Chile","Salamanca","-31.775","-70.9722","467"
"Chile","San Antonio","-33.5933","-71.6217","5"
"Chile","San Bernardo","-33.6","-70.7167","629"
"Chile","San Carlos","-36.4167","-71.9667","160"
"Chile","San Clemente","-35.55","-71.4833","241"
"Chile","San Felipe","-32.75","-70.7333","637"
"Chile","San Javier","-35.6","-71.75","53"
"Chile","San Vicente","-34.4333","-71.0833","217"
"Chile","Santa Cruz","-34.6333","-71.3667","165"
"Chile","Santiago","-33.45","-70.6667","513"
"Chile","Talagante","-33.6667","-70.9333","313"
"Chile","Talca","-35.4333","-71.6667","102"
"Chile","Talcahuano","-36.7167","-73.1167","1"
"Chile","Taltal","-25.4","-70.4833","34"
"Chile","Temuco","-38.7333","-72.6","128"
"Chile","Tocopilla","-22.0833","-70.2","67"
"Chile","Tome","-36.6167","-72.95","120"
"Chile","Traiguen","-38.25","-72.6833","179"
"Chile","Valdivia","-39.8142","-73.2459","10"
"Chile","Vallenar","-28.5708","-70.7581","442"
"Chile","Valparaiso","-33.0393","-71.6273","24"
"Chile","Victoria","-38.2167","-72.3333","335"
"Chile","Vicuna","-30.0319","-70.7081","769"
"Chile","Villa Alemana","-33.0422","-71.3733","155"
"Chile","Villarrica","-39.2857","-72.2279","224"
"Chile","vina causino","-33.6167","-70.5833","673"
"Chile","Vina del Mar","-33.0229","-71.5525","33"
"Chile","Yumbel","-37.0833","-72.5667","94"
"China","Anshan","41.12361","122.99","83"
"China","Anyang","36.09944","114.3289","87"
"China","Baoding","38.85111","115.4903","13"
"China","Baotou","40.65222","109.8222","1055"
"China","Beijing","39.9075","116.3972","63"
"China","Bengbu","32.94083","117.3608","31"
"China","Benxi","41.28861","123.765","156"
"China","Changchun","43.88","125.3228","212"
"China","Changsha","28.2","112.9667","46"
"China","Changzhi","35.20889","111.7386","405"
"China","Changzhou","31.78333","119.9667","7"
"China","Chengdu","30.66667","104.0667","529"
"China","Chongqing","29.56278","106.5528","234"
"China","Dalian","38.91222","121.6022","23"
"China","Dandong","40.12917","124.3947","1"
"China","Datong","40.09361","113.2914","1041"
"China","Dayan","26.86879","100.2207","2394"
"China","Foshan","23.03333","113.1167","12"
"China","Fushun","41.85583","123.9233","90"
"China","Fuxin","42.01556","121.6589","131"
"China","Fuzhou","26.06139","119.3061","13"
"China","Guangzhou","23.11667","113.25","10"
"China","Guilin","25.28194","110.2864","148"
"China","Guiyang","26.58333","106.7167","1078"
"China","Haikou","20.04583","110.3417","8"
"China","Handan","36.60056","114.4678","69"
"China","Hangzhou","30.25528","120.1689","18"
"China","Harbin","45.75","126.65","168"
"China","Hefei","31.86389","117.2808","18"
"China","Hegang","47.4","130.3667","207"
"China","Hengyang","26.88806","112.615","36"
"China","Hohhot","40.81056","111.6522","1092"
"China","Huaibei","33.97444","116.7917","41"
"China","Huainan","32.62639","116.9969","43"
"China","Huangshi","30.21667","115.1","5"
"China","Jieyang","23.52972","116.3656","5"
"China","Jilin","43.85083","126.5603","186"
"China","Jinan","36.66833","116.9972","29"
"China","Jinzhou","41.10778","121.1417","14"
"China","Kaifeng","34.79111","114.3483","77"
"China","Kunming","25.03889","102.7183","1911"
"China","Langfang","39.50972","116.6947","19"
"China","Lanzhou","36.05639","103.7922","1572"
"China","Liaoyang","41.27194","123.1731","24"
"China","Luancheng","37.87917","114.6517","53"
"China","Luoyang","34.68361","112.4536","133"
"China","Mudanjiang","44.58333","129.6","246"
"China","Nanchang","28.68333","115.8833","19"
"China","Nanchong","30.8","106.0667","280"
"China","Nanjing","32.06167","118.7778","12"
"China","Nanning","22.81667","108.3167","73"
"China","Nantong","32.03028","120.8747","8"
"China","Ningbo","29.875","121.5419","9"
"China","Panshan","41.18806","122.0494","3"
"China","Pingdingshan","33.74083","113.3064","63"
"China","Puyang","29.46028","119.8861","63"
"China","Puyang","35.70278","115.0053","52"
"China","Qingdao","36.09861","120.3719","32"
"China","Qinhuangdao","39.93167","119.5883","5"
"China","Qiqihar","47.34083","123.9672","147"
"China","Shanghai","31.22222","121.4581","6"
"China","Shantou","23.36","116.6783","5"
"China","Shaoguan","24.8","113.5833","61"
"China","Shenyang","41.79222","123.4328","48"
"China","Shenzhen","22.54554","114.0683","3"
"China","Shihezi","44.3","86.03333","461"
"China","Shijiazhuang","38.04139","114.4786","79"
"China","Shiyan","32.6475","110.7781","247"
"China","Shuangyashan","46.63611","131.1539","176"
"China","Suzhou","31.31139","120.6181","4"
"China","Taiyuan","37.86944","112.5603","794"
"China","Taizhou","32.49333","119.9081","6"
"China","Tangshan","39.63333","118.1833","20"
"China","Tianjin","39.14222","117.1767","8"
"China","Urumqi","43.8","87.58334","915"
"China","Wenzhou","28.01917","120.6544","17"
"China","Wuhan","30.58333","114.2667","25"
"China","Wuxi","31.57722","120.2939","7"
"China","Xiamen","24.4675","118.0931","-9999"
"China","Xiangtan","27.85","112.9","42"
"China","Xianyang","34.34556","108.7147","405"
"China","Xingtai","37.06306","114.4942","71"
"China","Xining","36.61667","101.7667","2252"
"China","Xinxiang","35.30889","113.8672","76"
"China","Xinyang","32.12278","114.0656","73"
"China","Xuzhou","34.26694","117.1917","45"
"China","Yancheng","33.38556","120.1253","3"
"China","Yantai","37.53333","121.4","46"
"China","Yingkou","40.66806","122.2247","2"
"China","Yunfu","22.93333","112.0333","77"
"China","Zhangjiakou","40.81","114.8794","757"
"China","Zhangzhou","24.51333","117.6556","1"
"China","Zhanjiang","21.2","110.3833","7"
"China","Zhengzhou","34.75778","113.6486","107"
"China","Zhenjiang","32.20917","119.4342","13"
"China","Zhuzhou","27.83333","113.15","31"
"China","Zibo","36.79056","118.0633","47"
"China","Zigong","29.4","104.7833","456"
"Colombi","Acacias","3.9875","-73.7567","579"
"Colombi","Aguachica","8.3125","-73.6269","151"
"Colombi","Agustin Codazzi","10.03583","-73.2389","183"
"Colombi","Apartado","7.885556","-76.6347","57"
"Colombi","Arauca","7.090278","-70.7617","119"
"Colombi","Arjona","10.25444","-75.3439","58"
"Colombi","Armenia","4.533889","-75.6811","1349"
"Colombi","Baranoa","10.79972","-74.9183","124"
"Colombi","Barrancabermeja","7.065278","-73.8547","45"
"Colombi","Barranquilla","10.96389","-74.7964","33"
"Colombi","Bello","6.338889","-75.5622","1489"
"Colombi","Bogota","4.6","-74.0833","2620"
"Colombi","Bucaramanga","7.129722","-73.1258","967"
"Colombi","Buenaventura","3.893333","-77.0697","1"
"Colombi","Buga","3.902222","-76.3028","722"
"Colombi","Calarca","4.5325","-75.6436","1459"
"Colombi","Caldas","6.09","-75.6375","1929"
"Colombi","Cali","3.437222","-76.5225","758"
"Colombi","Cartagena","10.39972","-75.5144","36"
"Colombi","Cartago","4.746389","-75.9117","722"
"Colombi","Caucasia","7.986944","-75.1972","65"
"Colombi","Cerete","8.885556","-75.7967","15"
"Colombi","Chia","4.866667","-74.0667","2325"
"Colombi","Chigorodo","7.676944","-76.6864","109"
"Colombi","Chinchina","4.9825","-75.6036","1488"
"Colombi","Chiquinquira","5.618889","-73.82","2713"
"Colombi","Cienaga","11.00944","-74.2542","12"
"Colombi","Copacabana","6.348889","-75.5131","1498"
"Colombi","Corozal","9.317778","-75.2958","154"
"Colombi","Cucuta","7.883333","-72.5053","314"
"Colombi","Dos Quebradas","4.834722","-75.6725","1500"
"Colombi","Duitama","5.826944","-73.0203","2501"
"Colombi","El Bagre","7.594167","-74.8119","51"
"Colombi","El Banco","9.004722","-73.9781","21"
"Colombi","El Carmen de Bolivar","9.722222","-75.1331","154"
"Colombi","El Cerrito","3.688056","-76.3167","851"
"Colombi","Envigado","6.173056","-75.5639","1784"
"Colombi","Espinal","4.152778","-74.8886","329"
"Colombi","Facatativa","4.816667","-74.3667","2816"
"Colombi","Florencia","1.6175","-75.6175","579"
"Colombi","Florida","3.3275","-76.2386","894"
"Colombi","Floridablanca","7.064722","-73.0897","1026"
"Colombi","Fundacion","10.52139","-74.1867","55"
"Colombi","Funza","4.716667","-74.2167","2276"
"Colombi","Fusagasuga","4.343889","-74.3678","1745"
"Colombi","Girardot","4.303056","-74.8008","328"
"Colombi","Giron","7.070833","-73.1731","712"
"Colombi","Ibague","4.438889","-75.2322","1082"
"Colombi","Ipiales","0.830278","-77.6444","2954"
"Colombi","Itagui","6.171944","-75.6114","1637"
"Colombi","Jamundi","3.263889","-76.5444","890"
"Colombi","La Dorada","5.452222","-74.6692","152"
"Colombi","La Estrella","6.160556","-75.6469","1887"
"Colombi","Lorica","9.231667","-75.8197","7"
"Colombi","Los Patios","7.838333","-72.5133","385"
"Colombi","Madrid","4.734444","-74.2683","2400"
"Colombi","Magangue","9.241389","-74.7533","18"
"Colombi","Maicao","11.38417","-72.2442","44"
"Colombi","Malambo","10.85889","-74.7731","5"
"Colombi","Manizales","5.07","-75.5206","1935"
"Colombi","Medellin","6.291389","-75.5361","2076"
"Colombi","Monteria","8.7575","-75.89","25"
"Colombi","Neiva","2.930556","-75.3303","507"
"Colombi","Ocana","8.236389","-73.3578","1272"
"Colombi","Palmira","3.539444","-76.3036","863"
"Colombi","Pamplona","7.378056","-72.6525","2516"
"Colombi","Pasto","1.213611","-77.2811","2569"
"Colombi","Pereira","4.813333","-75.6961","1445"
"Colombi","Piedecuesta","6.989444","-73.0536","1080"
"Colombi","Pitalito","1.8675","-76.0564","1319"
"Colombi","Planeta Rica","8.414722","-75.5883","113"
"Colombi","Plato","9.791944","-74.7872","18"
"Colombi","Pradera","3.421111","-76.2447","912"
"Colombi","Puerto Tejada","3.233611","-76.4194","847"
"Colombi","Quibdo","5.694722","-76.6611","67"
"Colombi","Riohacha","11.54444","-72.9072","5"
"Colombi","Rionegro","6.155278","-75.3889","2058"
"Colombi","Sabanalarga","10.63778","-74.9228","88"
"Colombi","Sahagun","8.949444","-75.4478","72"
"Colombi","San Andres","12.58472","-81.7006","-9999"
"Colombi","Santa Marta","11.24722","-74.2017","9"
"Colombi","Santa Rosa de Cabal","4.868056","-75.6214","1827"
"Colombi","Santander de Quilichao","3.013056","-76.4867","1061"
"Colombi","Segovia","7.083333","-74.7036","638"
"Colombi","Sevilla","4.268889","-75.9361","1394"
"Colombi","Sincelejo","9.304722","-75.3978","219"
"Colombi","Soacha","4.587222","-74.2214","2413"
"Colombi","Sogamoso","5.720556","-72.9297","2419"
"Colombi","Soledad","10.91722","-74.7667","10"
"Colombi","Tulua","4.086667","-76.2","766"
"Colombi","Tumaco","1.798611","-78.8156","1"
"Colombi","Tunja","5.535278","-73.3678","2717"
"Colombi","Turbaco","10.32944","-75.4083","129"
"Colombi","Turbo","8.098056","-76.7317","7"
"Colombi","Valledupar","10.47694","-73.2506","163"
"Colombi","Villa del Rosario","7.833889","-72.4742","381"
"Colombi","Villavicencio","4.153333","-73.635","529"
"Colombi","Yopal","5.339444","-72.3942","426"
"Colombi","Yumbo","3.585","-76.4958","991"
"Colombi","Zipaquira","5.028333","-74.0058","2656"
"Comoros","Antsahe","-12.3564","44.5225","166"
"Comoros","Assimpao","-12.2331","44.31972","129"
"Comoros","Bahani","-11.6397","43.28417","597"
"Comoros","Bambadjani","-11.4786","43.37722","341"
"Comoros","Bandajou","-12.1917","44.28695","123"
"Comoros","Barakani","-12.1356","44.43167","99"
"Comoros","Batsa","-11.6283","43.26","168"
"Comoros","Bibavou","-11.5725","43.27722","172"
"Comoros","Bimbini","-12.1883","44.23555","1"
"Comoros","Boungoueni","-12.2056","44.29945","264"
"Comoros","Bouni","-11.4869","43.38833","127"
"Comoros","Chandra","-12.195","44.46472","587"
"Comoros","Chezani","-11.4281","43.3875","220"
"Comoros","Chindini","-11.9208","43.48111","37"
"Comoros","Chironkamba","-12.1911","44.3525","39"
"Comoros","Chitrouni","-12.1858","44.33556","39"
"Comoros","Chomoni","-11.6431","43.38583","1"
"Comoros","Daji","-12.3258","44.48861","264"
"Comoros","Dembeni","-11.8736","43.39778","283"
"Comoros","Dima","-11.8864","43.41083","264"
"Comoros","Djoyezi","-12.2975","43.77333","1"
"Comoros","Domoni","-12.2569","44.53194","1"
"Comoros","Douniani","-11.4211","43.28889","297"
"Comoros","Dziani","-12.1833","44.48333","569"
"Comoros","Fomboni","-12.28","43.7425","8"
"Comoros","Foumbouni","-11.8617","43.48417","-9999"
"Comoros","Hajoho","-12.1175","44.48833","103"
"Comoros","Hamavouna","-12.3731","43.83833","14"
"Comoros","Hantsindzi","-11.4292","43.40222","11"
"Comoros","Harembo","-12.1436","44.49833","163"
"Comoros","Heroumbili","-11.5439","43.37972","274"
"Comoros","Hetsa","-11.8447","43.31583","149"
"Comoros","Hoani","-12.2508","43.67472","19"
"Comoros","Itsandra","-11.6711","43.25472","26"
"Comoros","Itsandzeni","-11.4728","43.38445","151"
"Comoros","Ivouani","-11.3875","43.38639","6"
"Comoros","Kangani","-12.3117","44.47472","344"
"Comoros","Kangani","-12.3428","43.82","133"
"Comoros","Kavani","-12.1919","44.26944","12"
"Comoros","Koki","-12.1714","44.44167","517"
"Comoros","Koni-Djodjo","-12.2297","44.48167","633"
"Comoros","Koni-Ngani","-12.2158","44.48","620"
"Comoros","Koua","-11.4208","43.27639","196"
"Comoros","Kove","-11.8758","43.47222","356"
"Comoros","Kyo","-12.3322","44.51917","264"
"Comoros","Limbi","-12.2394","44.50528","423"
"Comoros","Lingoni","-12.2558","44.41834","359"
"Comoros","Madjeoueni","-11.8217","43.27806","121"
"Comoros","Magnassini-Nindri","-12.2781","44.41583","57"
"Comoros","Mandza","-11.4181","43.29528","389"
"Comoros","Marahare","-12.2308","44.31333","92"
"Comoros","Mavingouni","-11.7164","43.2525","180"
"Comoros","Mbeni","-11.5014","43.3775","292"
"Comoros","Mdjoyezi","-11.8331","43.30667","312"
"Comoros","Milembeni","-12.1981","44.26389","1"
"Comoros","Milembeni","-11.6617","43.26639","139"
"Comoros","Milevani","-11.5514","43.29028","223"
"Comoros","Miringoni","-12.2967","43.63528","20"
"Comoros","Mirongani","-12.1906","44.2525","1"
"Comoros","Mirontsi","-12.1567","44.40805","-9999"
"Comoros","Mitsamiouli","-11.3847","43.28444","48"
"Comoros","Mjamaoue","-12.1936","44.31","284"
"Comoros","Mjimandra","-12.1917","44.37028","291"
"Comoros","Mnoungou","-11.5178","43.37389","466"
"Comoros","Mohoro","-11.8258","43.44611","296"
"Comoros","Moroni","-11.7042","43.24028","35"
"Comoros","Moutsamoudou","-12.1628","44.39639","-9999"
"Comoros","Moya","-12.3067","44.43778","83"
"Comoros","Mramani","-12.3464","44.52861","131"
"Comoros","Mremani","-12.3083","44.49861","584"
"Comoros","Mtakoudja","-12.2611","43.70361","39"
"Comoros","Mtsamdou","-11.6069","43.38055","112"
"Comoros","Mvouni","-11.7161","43.26472","274"
"Comoros","Nioumachoua","-12.3614","43.71528","-9999"
"Comoros","Nioumamilima","-11.8511","43.43722","600"
"Comoros","Ntsaoueni","-11.4658","43.26278","26"
"Comoros","Ntsoudjini","-11.6597","43.26139","139"
"Comoros","Ongoni","-12.1703","44.50694","19"
"Comoros","Ouanani","-12.3375","43.7975","150"
"Comoros","Ouani","-12.1322","44.42583","71"
"Comoros","Ouella","-11.6536","43.28056","459"
"Comoros","Ouhozi","-11.405","43.28222","117"
"Comoros","Oungoni","-11.7544","43.43611","97"
"Comoros","Ouroveni","-11.9097","43.48861","35"
"Comoros","Oussivo","-11.585","43.26722","197"
"Comoros","Ouzini","-12.2672","44.47972","874"
"Comoros","Paje","-12.1697","44.38805","-9999"
"Comoros","Panda","-11.8706","43.38334","-9999"
"Comoros","Patsi","-12.1556","44.43722","270"
"Comoros","Salimani","-11.8081","43.25917","23"
"Comoros","Selea","-11.7844","43.26083","39"
"Comoros","Sima","-12.1956","44.27667","50"
"Comoros","Singani","-11.8456","43.30917","149"
"Comoros","Tsidje","-11.6981","43.26194","192"
"Comoros","Vanadjou","-11.6075","43.27611","338"
"Comoros","Vanambouani","-11.6114","43.25306","76"
"Comoros","Vassy","-12.2319","44.3425","192"
"Comoros","Vouani","-12.2442","44.37444","-9999"
"Comoros","Ziroudani","-12.3325","43.7775","170"
"Comoros","Zivandani","-11.6458","43.26583","158"
"Costa Rica","Alajuela","10.01667","-84.2167","928"
"Costa Rica","Alajuelita","9.9","-84.1","1144"
"Costa Rica","Aserri","9.866667","-84.1","1331"
"Costa Rica","Atenas","9.983333","-84.3833","677"
"Costa Rica","Bagaces","10.53333","-85.25","84"
"Costa Rica","Batan","10.08333","-83.3333","35"
"Costa Rica","Belen","10.4","-85.6","43"
"Costa Rica","Buenos Aires","9.166667","-83.3333","383"
"Costa Rica","Calle Blancos","9.95","-84.0667","1155"
"Costa Rica","Canas","10.43333","-85.1","64"
"Costa Rica","Canoas","8.533333","-82.8333","107"
"Costa Rica","Carrillos","10.03333","-84.2667","850"
"Costa Rica","Cartago","9.866667","-83.9167","1489"
"Costa Rica","Chacarita","9.983333","-84.7833","5"
"Costa Rica","Ciudad Cortes","8.966667","-83.5333","33"
"Costa Rica","Colima","9.95","-84.0833","1138"
"Costa Rica","Colon","9.914913","-84.2417","796"
"Costa Rica","Concepcion","9.933333","-84","1395"
"Costa Rica","Corredor","8.633333","-82.95","66"
"Costa Rica","Cot","9.9","-83.8667","1842"
"Costa Rica","Curridabat","9.916667","-84.0333","1229"
"Costa Rica","Daniel Flores","9.333333","-83.6667","646"
"Costa Rica","Desamparados","9.95","-84.5","377"
"Costa Rica","Escazu","9.916667","-84.1333","1110"
"Costa Rica","Esparza","9.983333","-84.6667","145"
"Costa Rica","Fortuna","10.48333","-84.65","270"
"Costa Rica","Golfito","8.65","-83.15","279"
"Costa Rica","Granadilla","9.933333","-84.0167","1294"
"Costa Rica","Guacimo","10.21667","-83.6833","91"
"Costa Rica","Guadalupe","9.946111","-84.0528","1184"
"Costa Rica","Guapiles","10.21667","-83.7833","248"
"Costa Rica","Heredia","10","-84.1167","1155"
"Costa Rica","Ipis","9.966667","-84.0167","1318"
"Costa Rica","Jaco","9.616667","-84.6333","12"
"Costa Rica","Juntas","10.28333","-84.95","208"
"Costa Rica","La Asuncion","9.983333","-84.1667","953"
"Costa Rica","La Cruz","11.06667","-85.6333","222"
"Costa Rica","Liberia","10.63333","-85.4333","176"
"Costa Rica","Llorente","10","-84.15","1099"
"Costa Rica","Los Chiles","11.03333","-84.7167","31"
"Costa Rica","Mercedes","10.01667","-84.1333","1152"
"Costa Rica","Mercedes","9.266667","-83.5833","598"
"Costa Rica","Miramar","10.1","-84.7333","342"
"Costa Rica","Naranjo","10.1","-84.3833","1000"
"Costa Rica","Nicoya","10.15","-85.45","125"
"Costa Rica","Orosi","9.8","-83.85","1105"
"Costa Rica","Orotina","9.9","-84.5333","161"
"Costa Rica","Paraiso","9.833333","-83.8667","1319"
"Costa Rica","Parrita","9.516667","-84.3167","7"
"Costa Rica","Patarra","9.883333","-84.0333","1271"
"Costa Rica","Pocora","10.18333","-83.6","62"
"Costa Rica","Pocosol","10.36667","-84.6167","485"
"Costa Rica","Puerto Limon","10","-83.0333","2"
"Costa Rica","Puntarenas","9.976247","-84.8384","1"
"Costa Rica","Purral","9.95","-84.0333","1292"
"Costa Rica","Quepos","9.45","-84.15","25"
"Costa Rica","Quesada","10.33333","-84.4333","616"
"Costa Rica","Rio Segundo","10.23333","-84.3","1435"
"Costa Rica","Sabanilla","9.95","-84.0333","1292"
"Costa Rica","Salitral","9.916667","-84.1833","958"
"Costa Rica","Salitrillos","9.85","-84.1","1450"
"Costa Rica","San Antonio","9.983333","-84.1833","920"
"Costa Rica","San Diego","9.9","-84","1290"
"Costa Rica","San Felipe","9.9","-84.1","1144"
"Costa Rica","San Francisco","9.983333","-84.1333","1046"
"Costa Rica","San Ignacio","9.8","-84.1667","1134"
"Costa Rica","San Isidro","9.383333","-83.7","752"
"Costa Rica","San Jose","9.933333","-84.0833","1147"
"Costa Rica","San Jose","10.96667","-85.1333","42"
"Costa Rica","San Josecito","10.01667","-84.1","1303"
"Costa Rica","San Juan","9.966667","-84.0833","1099"
"Costa Rica","San Juan","10.1","-84.3167","1012"
"Costa Rica","San Juan de Dios","9.883333","-84.0833","1176"
"Costa Rica","San Marcos","9.666667","-84.0333","1536"
"Costa Rica","San Miguel","9.883333","-84.0667","1180"
"Costa Rica","San Pablo","10","-84.0833","1236"
"Costa Rica","San Pedro","9.933333","-84.05","1229"
"Costa Rica","San Rafael","9.933333","-84.1333","1059"
"Costa Rica","San Rafael","10.06667","-84.4667","1021"
"Costa Rica","San Rafael","10.01667","-84.1","1303"
"Costa Rica","San Rafael Abajo","9.833333","-84.2833","675"
"Costa Rica","San Rafael Arriba","9.883333","-84.0833","1176"
"Costa Rica","San Ramon","10.08333","-84.4667","1021"
"Costa Rica","San Vicente","9.966667","-84.05","1201"
"Costa Rica","San Vicente de Moravia","9.961644","-84.0488","1227"
"Costa Rica","San Vito","8.833333","-82.9667","993"
"Costa Rica","Santa Ana","9.933333","-84.1833","916"
"Costa Rica","Santa Cruz","10.26667","-85.5833","57"
"Costa Rica","Santiago","9.85","-84.3167","1085"
"Costa Rica","Santo Domingo","10.06667","-84.15","1399"
"Costa Rica","Sardinal","10.51667","-85.65","59"
"Costa Rica","Siquirres","10.1","-83.5167","120"
"Costa Rica","Tejar","9.75","-84.2333","999"
"Costa Rica","Tilaran","10.46667","-84.9667","526"
"Costa Rica","Tobosi","9.833333","-83.9833","1580"
"Costa Rica","Tres Rios","9.9","-83.9833","1422"
"Costa Rica","Turrialba","9.9","-83.6833","639"
"Costa Rica","Upala","10.9","-85.0333","52"
"Costa Rica","Zarcero","10.18333","-84.4","1672"
"Croatia","Bedekovcina","46.04111","15.99639","165"
"Croatia","Beli Manastir","45.77","18.60361","101"
"Croatia","Belisce","45.68028","18.40583","93"
"Croatia","Bibinje","44.06667","15.3","123"
"Croatia","Biograd na Moru","43.94333","15.45194","30"
"Croatia","Bjelovar","45.89861","16.84889","111"
"Croatia","Blato","42.7625","17.48222","185"
"Croatia","Borovo","45.37639","18.96694","92"
"Croatia","Bosnjaci","45.05028","18.75556","76"
"Croatia","Cakovec","46.38444","16.43389","168"
"Croatia","Cepin","45.52361","18.56333","106"
"Croatia","Cerna","45.18194","18.68944","76"
"Croatia","Crikvenica","45.17722","14.69278","129"
"Croatia","Dalj","45.49","18.98472","73"
"Croatia","Darda","45.62806","18.69972","97"
"Croatia","Daruvar","45.59056","17.225","191"
"Croatia","Delnice","45.40083","14.79972","700"
"Croatia","Dubrovnik","42.64807","18.09217","51"
"Croatia","Garesnica","45.57444","16.94139","121"
"Croatia","Gospic","44.54611","15.37472","561"
"Croatia","Gunja","44.88","18.85333","82"
"Croatia","Hvar","43.1725","16.44278","66"
"Croatia","Ilok","45.22222","19.37694","136"
"Croatia","Imotski","43.44667","17.21667","377"
"Croatia","Ivanec","46.22306","16.12","233"
"Croatia","Ivankovo","45.28861","18.68389","76"
"Croatia","Jastrebarsko","45.66833","15.64861","150"
"Croatia","Josipovac","45.58278","18.58139","104"
"Croatia","Karlovac","45.48722","15.54778","102"
"Croatia","Knin","44.04389","16.2","221"
"Croatia","Koprivnica","46.16278","16.8275","118"
"Croatia","Krapina","46.16083","15.87889","241"
"Croatia","Krizevci","46.02194","16.5425","138"
"Croatia","Kutina","45.475","16.78194","123"
"Croatia","Labin","45.095","14.11972","234"
"Croatia","Lepoglava","46.21056","16.03555","234"
"Croatia","Ludbreg","46.25194","16.61472","127"
"Croatia","Makarska","43.29694","17.01778","133"
"Croatia","Malarm","45.75758","15.97716","116"
"Croatia","Matulji","45.36167","14.325","196"
"Croatia","Metkovic","43.05417","17.64833","10"
"Croatia","Nasice","45.48861","18.08778","150"
"Croatia","Nedelisce","46.37583","16.3875","172"
"Croatia","Nova Gradiska","45.255","17.38305","130"
"Croatia","Novska","45.34056","16.97694","150"
"Croatia","Nustar","45.3325","18.84139","97"
"Croatia","Ogulin","45.26611","15.22861","326"
"Croatia","Omis","43.44472","16.68861","65"
"Croatia","Opatija","45.33917","14.30833","1"
"Croatia","Orahovica","45.54","17.88472","195"
"Croatia","Osijek","45.55111","18.69389","102"
"Croatia","Otocac","44.86944","15.2375","470"
"Croatia","Otok","45.14667","18.88389","86"
"Croatia","Pakrac","45.43639","17.18889","184"
"Croatia","Pazin","45.24028","13.93667","278"
"Croatia","Petrinja","45.4375","16.29","133"
"Croatia","Pitomaca","45.95056","17.22944","108"
"Croatia","Pleternica","45.28861","17.80639","136"
"Croatia","Podstrana","43.48333","16.58333","389"
"Croatia","Podvinje","45.19028","18.02695","94"
"Croatia","Popovaca","44.63917","15.17917","588"
"Croatia","Porec","45.22583","13.59389","17"
"Croatia","Pozega","45.34028","17.68528","154"
"Croatia","Preko","44.08111","15.1875","1"
"Croatia","Prelog","46.335","16.61555","152"
"Croatia","Privlaka","45.19472","18.8375","82"
"Croatia","Pula","44.86833","13.84806","19"
"Croatia","Rijeka","45.34306","14.40917","126"
"Croatia","Rovinj","45.08","13.64","17"
"Croatia","Samobor","45.80306","15.71806","138"
"Croatia","Senj","44.98944","14.90583","70"
"Croatia","Sesvete","45.83111","16.11639","146"
"Croatia","Sibenik","43.72722","15.90583","96"
"Croatia","Sinj","43.70361","16.63944","320"
"Croatia","Sisak","45.46611","16.37833","116"
"Croatia","Slatina","45.70333","17.70278","107"
"Croatia","Slavonski Brod","45.16028","18.01556","83"
"Croatia","Solin","43.55","16.5","75"
"Croatia","Split","43.50891","16.43915","20"
"Croatia","Sracinec","46.32944","16.27889","141"
"Croatia","Stobrec","43.5025","16.52222","1"
"Croatia","Tenja","45.49806","18.74722","103"
"Croatia","Trnovec","46.38583","16.31195","180"
"Croatia","Trogir","43.5125","16.25167","52"
"Croatia","Umag","45.43139","13.52389","-9999"
"Croatia","Valpovo","45.66083","18.41861","87"
"Croatia","Varazdin","46.30444","16.33778","154"
"Croatia","Velika Gorica","45.7125","16.07556","114"
"Croatia","Vinkovci","45.28833","18.80472","87"
"Croatia","Virje","46.06722","16.99","126"
"Croatia","Virovitica","45.83194","17.38389","117"
"Croatia","Visnjevac","45.56861","18.61389","99"
"Croatia","Vodice","43.76083","15.78278","24"
"Croatia","Vrbovec","45.88333","16.42167","116"
"Croatia","Vukovar","45.34333","18.99972","103"
"Croatia","Zadar","44.11972","15.24222","39"
"Croatia","Zagreb","45.8","16","131"
"Croatia","Zagreb - Centar","45.81313","15.97753","110"
"Croatia","Zapresic","45.85639","15.80778","128"
"Croatia","Zupanja","45.0775","18.6975","79"
"Cuba","Abreus","22.2775","-80.5675","12"
"Cuba","Aguada de Pasajeros","22.385","-80.8508","22"
"Cuba","Alquizar","22.80583","-82.5842","19"
"Cuba","Artemisa","22.81306","-82.7619","44"
"Cuba","Bahia Honda","22.90361","-83.1592","15"
"Cuba","Banes","20.9625","-75.7186","48"
"Cuba","Baracoa","20.34667","-74.4958","1"
"Cuba","Baragua","21.69667","-78.6328","3"
"Cuba","Bauta","22.98278","-82.5464","66"
"Cuba","Bayamo","20.37917","-76.6433","53"
"Cuba","Bejucal","22.92861","-82.3886","144"
"Cuba","Cabaiguan","22.07889","-79.4992","133"
"Cuba","Caibarien","22.52056","-79.4669","3"
"Cuba","Calimete","22.53333","-80.9061","25"
"Cuba","Camaguey","21.38083","-77.9169","91"
"Cuba","Camajuani","22.48333","-79.75","97"
"Cuba","Campechuela","20.23417","-77.2789","14"
"Cuba","Cardenas","23.0375","-81.2047","2"
"Cuba","Chambas","22.19278","-78.9136","34"
"Cuba","Ciego de Avila","21.84","-78.7619","43"
"Cuba","Cienfuegos","22.14611","-80.4356","22"
"Cuba","Cifuentes","22.645","-80.0461","75"
"Cuba","Colombia","20.98806","-77.4297","59"
"Cuba","Colon","22.71917","-80.9058","55"
"Cuba","Condado","21.87667","-79.8403","25"
"Cuba","Consolacion del Sur","22.50472","-83.5136","64"
"Cuba","Contramaestre","20.29778","-76.2414","100"
"Cuba","Corralillo","22.98194","-80.5856","36"
"Cuba","Cruces","22.34111","-80.2667","93"
"Cuba","Cueto","20.64389","-75.9356","68"
"Cuba","Cumanayagua","22.14944","-80.2022","66"
"Cuba","Encrucijada","22.61694","-79.8711","46"
"Cuba","Esmeralda","21.8525","-78.1169","32"
"Cuba","Florida","21.52472","-78.2258","62"
"Cuba","Fomento","22.10389","-79.7217","122"
"Cuba","Gibara","21.10972","-76.1317","1"
"Cuba","Guaimaro","21.05","-77.35","74"
"Cuba","Guanajay","22.92639","-82.6875","116"
"Cuba","Guane","22.2025","-84.0875","10"
"Cuba","Guantanamo","20.14444","-75.2092","46"
"Cuba","Guines","22.83611","-82.0281","60"
"Cuba","Guira de Melena","22.79056","-82.5053","14"
"Cuba","Guisa","20.255","-76.5386","247"
"Cuba","Havana","23.13194","-82.3642","5"
"Cuba","Holguin","20.88722","-76.2631","135"
"Cuba","Jaguey Grande","22.52694","-81.1286","9"
"Cuba","Jaruco","23.04306","-82.0108","123"
"Cuba","Jatibonico","21.94194","-79.17","94"
"Cuba","Jiguani","20.36667","-76.4272","137"
"Cuba","Jobabo","20.96917","-76.2994","117"
"Cuba","Jovellanos","22.80444","-81.1944","32"
"Cuba","Las Tunas","20.96167","-76.9511","88"
"Cuba","Los Palacios","22.58722","-83.2486","34"
"Cuba","Madruga","22.91139","-81.8561","135"
"Cuba","Manicaragua","22.14944","-79.9736","152"
"Cuba","Manzanillo","20.34333","-77.1167","16"
"Cuba","Mariel","22.9875","-82.7536","68"
"Cuba","Matanzas","23.04111","-81.5775","4"
"Cuba","Media Luna","20.14194","-77.435","9"
"Cuba","Minas","21.48333","-77.6167","61"
"Cuba","Moa","20.65694","-74.9403","10"
"Cuba","Moron","22.10944","-78.6275","7"
"Cuba","Niquero","20.04306","-77.5828","8"
"Cuba","Nueva Gerona","21.88333","-82.8","18"
"Cuba","Nuevitas","21.54528","-77.2644","17"
"Cuba","Palma Soriano","20.21722","-75.9989","133"
"Cuba","Palmira","22.24167","-80.3903","65"
"Cuba","Pedro Betancourt","22.72722","-81.29","15"
"Cuba","Perico","22.76917","-81.0189","33"
"Cuba","Pinar del Rio","22.4175","-83.6981","44"
"Cuba","Placetas","22.31194","-79.6533","197"
"Cuba","Primero de Enero","21.94694","-78.4283","23"
"Cuba","Puerto Padre","21.195","-76.6028","4"
"Cuba","Ranchuelo","22.37722","-80.1489","100"
"Cuba","Remedios","22.49472","-79.5458","26"
"Cuba","Rio Cauto","20.56028","-76.9161","9"
"Cuba","Rio Guayabal de Yateras","20.36667","-75.0167","456"
"Cuba","Rodas","22.34083","-80.5572","25"
"Cuba","Sagua de Tanamo","20.58194","-75.2414","28"
"Cuba","Sagua la Grande","22.80667","-80.0756","11"
"Cuba","San Antonio de los Banos","22.89111","-82.4992","55"
"Cuba","San Cristobal","22.71417","-83.0481","41"
"Cuba","San Jose de las Lajas","22.96139","-82.1511","131"
"Cuba","San Luis","20.1875","-75.8508","178"
"Cuba","Sancti Spiritus","21.92972","-79.4425","55"
"Cuba","Santa Clara","22.4","-79.9667","131"
"Cuba","Santa Cruz del Norte","23.15389","-81.9236","6"
"Cuba","Santa Cruz del Sur","20.71472","-77.9956","2"
"Cuba","Santiago de Cuba","20.02472","-75.8219","33"
"Cuba","Santiago de las Vegas","22.97","-82.3869","97"
"Cuba","Santo Domingo","22.58667","-80.2436","39"
"Cuba","Sibanicu","21.235","-77.5264","85"
"Cuba","Trinidad","21.80194","-79.9842","93"
"Cuba","Union de Reyes","22.79528","-81.5375","53"
"Cuba","Varadero","23.15361","-81.2514","3"
"Cuba","Venezuela","21.73528","-78.7964","22"
"Cuba","Vertientes","21.25944","-78.1464","67"
"Cuba","Vinales","22.61639","-83.7078","174"
"Cuba","Yaguajay","22.32722","-79.2378","22"
"Cuba","Yara","20.27528","-76.9533","23"
"Cyprus","Agros","34.91667","33.01667","1043"
"Cyprus","Akaki","35.13333","33.12917","197"
"Cyprus","Akhyritou","35.1","33.8625","32"
"Cyprus","Akrotiri","34.60417","32.95833","1"
"Cyprus","Alambra","34.99167","33.4","246"
"Cyprus","Alethriko","34.86111","33.49583","118"
"Cyprus","Anaphotia","34.825","33.4625","53"
"Cyprus","Aradhiou","35.04583","33.19584","403"
"Cyprus","Aradhippou","34.95","33.59167","66"
"Cyprus","Argaka","35.06444","32.5","233"
"Cyprus","Astromeritis","35.14167","33.0375","163"
"Cyprus","Athienou","35.06667","33.54167","138"
"Cyprus","Athna","35.05833","33.78333","66"
"Cyprus","Avgorou","35.0375","33.83333","44"
"Cyprus","Ayia Napa","34.98213","34.00183","-9999"
"Cyprus","Ayios Tykhonas","34.725","33.14167","46"
"Cyprus","Dhali","35.025","33.42083","250"
"Cyprus","Dherinia","35.06667","33.95833","71"
"Cyprus","Dhromolaxia","34.87551","33.58684","38"
"Cyprus","Emba","34.80833","32.425","176"
"Cyprus","Ergates","35.05417","33.24583","333"
"Cyprus","Erimi","34.67917","32.91667","99"
"Cyprus","Evdhimou","34.69583","32.7625","75"
"Cyprus","Evrykhou","35.04139","32.90139","451"
"Cyprus","Famagusta","35.125","33.95","1"
"Cyprus","Galata","34.99583","32.9","617"
"Cyprus","Kakopetria","34.99167","32.90417","617"
"Cyprus","Kalavasos","34.76667","33.3","183"
"Cyprus","Kato Dheftera","35.0875","33.27917","263"
"Cyprus","Kato Pyrgos","35.18028","32.6825","80"
"Cyprus","Khlorakas","34.80417","32.40833","81"
"Cyprus","Kissonerga","34.825","32.4","112"
"Cyprus","Kiti","34.85","33.575","32"
"Cyprus","Klirou","35.02083","33.17916","474"
"Cyprus","Kokkini Trimithia","35.15417","33.2","219"
"Cyprus","Kolossi","34.67083","32.92916","74"
"Cyprus","Konia","34.78333","32.45833","169"
"Cyprus","Kophinou","34.825","33.3875","169"
"Cyprus","Kornos","34.92083","33.39167","316"
"Cyprus","Kouklia","34.70833","32.575","72"
"Cyprus","Kyperounda","34.9375","32.975","1206"
"Cyprus","Kyrenia","35.34167","33.31667","-9999"
"Cyprus","Lapithos","35.3375","33.17916","95"
"Cyprus","Larnaca","34.91667","33.62917","24"
"Cyprus","Lefka","35.11056","32.85056","147"
"Cyprus","Lefkoniko","35.25833","33.73333","67"
"Cyprus","Leonarisso","35.47083","34.14167","156"
"Cyprus","Limassol","34.675","33.03333","1"
"Cyprus","Liopetri","35.00833","33.89167","53"
"Cyprus","Livadhia","34.95417","33.62917","19"
"Cyprus","Lympia","35","33.4625","252"
"Cyprus","Lythrodhondas","34.95","33.29583","461"
"Cyprus","Mammari","35.16667","33.2","241"
"Cyprus","Mazotos","34.80833","33.4875","49"
"Cyprus","Meneou","34.85","33.57084","33"
"Cyprus","Meniko","35.10833","33.14167","248"
"Cyprus","Mesoyi","34.81667","32.45833","295"
"Cyprus","Mitsero","35.04583","33.125","389"
"Cyprus","Morphou","35.19806","32.99139","52"
"Cyprus","Mosphiloti","34.95","33.42916","251"
"Cyprus","Moutayiaka","34.72083","33.1","46"
"Cyprus","Nicosia","35.16667","33.36666","128"
"Cyprus","Orounda","35.10417","33.09167","311"
"Cyprus","Pakhna","34.77917","32.79583","746"
"Cyprus","Palodhia","34.75","33.00417","222"
"Cyprus","Pano Dheftera","35.07917","33.2625","303"
"Cyprus","Pano Kividhes","34.77083","32.84167","469"
"Cyprus","Pano Lefkara","34.86667","33.30416","615"
"Cyprus","Pano Polemidhia","34.7","33","76"
"Cyprus","Paphos","34.76667","32.41667","32"
"Cyprus","Paralimni","35.0375","33.98333","65"
"Cyprus","Parekklisha","34.74583","33.15833","130"
"Cyprus","Pelendria","34.9","32.96667","1067"
"Cyprus","Pera","35.03333","33.25","426"
"Cyprus","Peristerona","35.13333","33.07917","240"
"Cyprus","Perivolia","34.82917","33.58333","18"
"Cyprus","Peyia","34.88333","32.38334","128"
"Cyprus","Phrenaros","35.04167","33.925","77"
"Cyprus","Pissouri","34.67083","32.70833","245"
"Cyprus","Polemi","34.8875","32.5","434"
"Cyprus","Polis","35.03667","32.42639","7"
"Cyprus","Protaras","35.0125","34.05833","1"
"Cyprus","Psevdhas","34.95","33.4625","163"
"Cyprus","Psomolophou","35.0625","33.2625","340"
"Cyprus","Pyla","35.02917","33.69167","124"
"Cyprus","Pyrgos","34.74167","33.18333","77"
"Cyprus","Rizokarpaso","35.6","34.375","129"
"Cyprus","Sotira","34.72917","32.8625","394"
"Cyprus","Tala","34.8375","32.43333","240"
"Cyprus","Tersephanou","34.85417","33.54583","92"
"Cyprus","Timi","34.73333","32.51667","73"
"Cyprus","Trikomo","35.2875","33.89167","48"
"Cyprus","Troulli","35.03333","33.61666","114"
"Cyprus","Tsadha","34.84167","32.475","462"
"Cyprus","Voroklini","34.98333","33.65833","30"
"Cyprus","Xeri","35.075","33.32084","278"
"Cyprus","Xylotymbou","35.01667","33.75","67"
"Cyprus","Yeri","35.1","33.41667","150"
"Cyprus","Yiolou","34.91667","32.46667","332"
"Cyprus","Ypsonas","34.68333","32.95833","62"
"Czech Republic","Benesov","49.78162","14.68697","350"
"Czech Republic","Beroun","49.96382","14.072","215"
"Czech Republic","Bilina","50.54854","13.77535","371"
"Czech Republic","Bilina Kyselka","50.55","13.76667","227"
"Czech Republic","Blansko","49.36304","16.64446","323"
"Czech Republic","Bohumin","49.90411","18.35755","216"
"Czech Republic","Brandys nad Labem-Stara Boleslav","50.18709","14.66326","205"
"Czech Republic","Branik","50.03597","14.41235","247"
"Czech Republic","Breclav","48.75897","16.88203","158"
"Czech Republic","Brno","49.19522","16.60796","226"
"Czech Republic","Bruntal","49.98844","17.4647","582"
"Czech Republic","Cerny Most","50.10475","14.57974","229"
"Czech Republic","Ceska Lipa","50.68551","14.53764","245"
"Czech Republic","Ceska Trebova","49.90436","16.44413","372"
"Czech Republic","Ceske Budejovice","48.97447","14.47434","378"
"Czech Republic","Cesky Tesin","49.74613","18.62613","298"
"Czech Republic","Cheb","50.07963","12.37392","473"
"Czech Republic","Chomutov","50.46048","13.41779","305"
"Czech Republic","Chrudim","49.95109","15.79558","260"
"Czech Republic","Decin","50.78215","14.21478","155"
"Czech Republic","Dvur Kralove nad Labem","50.43172","15.81402","286"
"Czech Republic","Frydek-Mistek","49.68537","18.34838","297"
"Czech Republic","Frydek-Mistek","49.68333","18.35","304"
"Czech Republic","Havirov","49.77984","18.43688","267"
"Czech Republic","Havlickuv Brod","49.60785","15.58069","464"
"Czech Republic","Hodonin","48.84893","17.13244","175"
"Czech Republic","Hradec Kralove","50.20923","15.83277","222"
"Czech Republic","Hranice","49.54796","17.73469","274"
"Czech Republic","Jablonec nad Nisou","50.72431","15.17108","509"
"Czech Republic","Jicin","50.43723","15.35162","266"
"Czech Republic","Jihlava","49.3961","15.59124","520"
"Czech Republic","Jindrichuv Hradec","49.14404","15.00301","440"
"Czech Republic","Jirkov","50.49979","13.44769","289"
"Czech Republic","Kadan","50.38333","13.26667","298"
"Czech Republic","Kadan","50.37598","13.27131","298"
"Czech Republic","Karlovy Vary","50.23271","12.87117","399"
"Czech Republic","Karvina","49.854","18.54169","274"
"Czech Republic","Kladno","50.14734","14.10285","359"
"Czech Republic","Klasterec nad Ohri","50.38445","13.17128","328"
"Czech Republic","Klatovy","49.39552","13.29505","434"
"Czech Republic","Kolin","50.02814","15.20057","194"
"Czech Republic","Koprivnice","49.59947","18.1448","356"
"Czech Republic","Kralupy nad Vltavou","50.24107","14.31149","179"
"Czech Republic","Krnov","50.08967","17.70385","333"
"Czech Republic","Kromeriz","49.29785","17.39312","215"
"Czech Republic","Kutna Hora","49.94839","15.26816","230"
"Czech Republic","Letnany","50.13333","14.51667","267"
"Czech Republic","Liben","50.10819","14.47457","195"
"Czech Republic","Liberec","50.76711","15.05619","386"
"Czech Republic","Litomerice","50.53348","14.1318","131"
"Czech Republic","Litvinov","50.6042","13.61812","300"
"Czech Republic","Louny","50.35699","13.79667","228"
"Czech Republic","Melnik","50.3505","14.47411","182"
"Czech Republic","Mlada Boleslav","50.41135","14.90318","232"
"Czech Republic","Modrany","50.01116","14.4096","244"
"Czech Republic","Most","50.50301","13.63617","235"
"Czech Republic","Nachod","50.4167","16.16289","358"
"Czech Republic","Neratovice","50.25926","14.51759","147"
"Czech Republic","Novy Jicin","49.59438","18.01027","315"
"Czech Republic","Olomouc","49.59552","17.25175","253"
"Czech Republic","Opava","49.93866","17.90257","273"
"Czech Republic","Orlova","49.84527","18.43011","251"
"Czech Republic","Ostrava","49.83465","18.28204","235"
"Czech Republic","Ostrov","50.30592","12.93907","445"
"Czech Republic","Otrokovice","49.20934","17.53944","219"
"Czech Republic","Otrokovice","49.21667","17.51667","207"
"Czech Republic","Pardubice","50.04075","15.77659","219"
"Czech Republic","Pelhrimov","49.43134","15.22336","534"
"Czech Republic","Pisek","49.3088","14.1475","386"
"Czech Republic","Plzen","49.74747","13.37759","315"
"Czech Republic","Praha","50.08784","14.42413","245"
"Czech Republic","Prerov","49.45511","17.4509","246"
"Czech Republic","Pribram","49.68988","14.01043","539"
"Czech Republic","Prosek","50.11667","14.5","272"
"Czech Republic","Prostejov","49.47188","17.11184","229"
"Czech Republic","Rakovnik","50.1037","13.7334","341"
"Czech Republic","Roznov pod Radhostem","49.45853","18.14302","418"
"Czech Republic","Sokolov","50.1813","12.6401","416"
"Czech Republic","Stary Bohumin","49.91667","18.33333","205"
"Czech Republic","Strakonice","49.26141","13.90237","403"
"Czech Republic","Sumperk","49.96528","16.97061","336"
"Czech Republic","Svitavy","49.75594","16.46829","426"
"Czech Republic","Tabor","49.41441","14.6578","429"
"Czech Republic","Teplice","50.6404","13.82451","240"
"Czech Republic","Trebic","49.21492","15.88166","431"
"Czech Republic","Trinec","49.67763","18.67078","328"
"Czech Republic","Trutnov","50.56101","15.9127","419"
"Czech Republic","Uherske Hradiste","49.06975","17.45969","198"
"Czech Republic","Uhersky Brod","49.02513","17.64715","243"
"Czech Republic","Usti nad Labem","50.6607","14.03227","230"
"Czech Republic","Valasske Mezirici","49.47181","17.97113","325"
"Czech Republic","Varnsdorf","50.91154","14.61823","367"
"Czech Republic","Vsetin","49.33871","17.99619","440"
"Czech Republic","Vyskov","49.27747","16.99897","263"
"Czech Republic","Zatec","50.32717","13.54577","207"
"Czech Republic","Zlin","49.21667","17.66667","317"
"Czech Republic","Znojmo","48.8555","16.0488","224"
